A0A,Newfoundland,NL,10,3,47.5069481551,-53.0864743926
A0B,Newfoundland,NL,10,3,47.46120287035,-53.57098206282
A0C,Newfoundland,NL,10,3,48.40595513448,-53.71830873966
A0E,Newfoundland,NL,10,3,47.50073097507,-55.06440216958
A0G,Newfoundland,NL,10,3,49.1708531818,-54.27090810122
A0H,Newfoundland,NL,10,3,48.29197824867,-55.77266292
A0J,Newfoundland,NL,10,3,49.39517560778,-56.01490116704
A0K,Newfoundland,NL,10,3,50.67781897076,-56.6099251075
A0L,Newfoundland,NL,10,3,48.95835065333,-57.96128510667
A0M,Newfoundland,NL,10,3,47.74311444545,-58.56243521818
A0N,Newfoundland,NL,10,3,48.15701087566,-58.62805812321
A0P,Newfoundland,NL,10,4,54.4357143,-60.14082090952
A0R,Newfoundland,NL,10,4,53.216334735,-65.4388670825
A1A,Newfoundland,NL,10,3,47.59502217831,-52.70979804305
A1B,Newfoundland,NL,10,3,47.57009646248,-52.74427338256
A1C,Newfoundland,NL,10,3,47.56454097497,-52.71566996813
A1E,Newfoundland,NL,10,3,47.53888351977,-52.74889797539
A1G,Newfoundland,NL,10,3,47.50967392071,-52.75737549704
A1H,Newfoundland,NL,10,3,47.50377437559,-52.81037312787
A1K,Newfoundland,NL,10,3,47.65808759218,-52.74233432347
A1L,Newfoundland,NL,10,3,47.53856325113,-52.87546709941
A1M,Newfoundland,NL,10,3,47.60221680242,-52.84777935539
A1N,Newfoundland,NL,10,3,47.51649784548,-52.80886488043
A1S,Newfoundland,NL,10,3,47.45475112741,-52.76866616519
A1V,Newfoundland,NL,10,3,48.96052818361,-54.61181430167
A1W,Newfoundland,NL,10,3,47.51960350225,-52.94237942526
A1X,Newfoundland,NL,10,3,47.48937907261,-53.01705959588
A1Y,Newfoundland,NL,10,3,47.73185212903,-53.21667500323
A2A,Newfoundland,NL,10,3,48.93809913476,-55.65012260668
A2B,Newfoundland,NL,10,3,48.95268062202,-55.66494475888
A2H,Newfoundland,NL,10,3,48.95092403689,-57.95736184943
A2N,Newfoundland,NL,10,3,48.5512191131,-58.58907933988
A2V,Newfoundland,NL,10,4,52.93944805191,-66.9206486194
A5A,Newfoundland,NL,10,3,48.16834175446,-53.97119864319
A8A,Newfoundland,NL,10,3,49.20448714716,-57.43172280786
B0C,Nova Scotia,NS,8,4,46.74230873333,-60.47324968
B0E,Nova Scotia,NS,8,4,46.03407011925,-61.01315495328
B0H,Nova Scotia,NS,8,4,45.37422659259,-61.58915803704
B0J,Nova Scotia,NS,8,4,44.66294883186,-63.47834172797
B0K,Nova Scotia,NS,8,4,45.5840630959,-62.84744223
B0L,Nova Scotia,NS,8,4,45.74539259091,-64.18890527273
B0M,Nova Scotia,NS,8,4,45.54147367647,-63.96106908235
B0N,Nova Scotia,NS,8,4,45.08423764537,-63.44049358295
B0P,Nova Scotia,NS,8,4,45.068858226,-64.663589866
B0R,Nova Scotia,NS,8,4,44.45958722222,-64.62053649667
B0S,Nova Scotia,NS,8,4,44.76684891714,-65.32275434429
B0T,Nova Scotia,NS,8,4,43.96223504571,-65.10788617821
B0V,Nova Scotia,NS,8,4,44.50853752727,-65.98622644182
B0W,Nova Scotia,NS,8,4,43.89587582904,-65.79875180699
B1A,Nova Scotia,NS,8,4,46.19400520759,-59.96165455955
B1B,Nova Scotia,NS,8,4,46.09511982155,-59.92614241173
B1C,Nova Scotia,NS,8,4,45.98164370927,-59.9728173139
B1E,Nova Scotia,NS,8,4,46.18420626667,-60.02022351867
B1G,Nova Scotia,NS,8,4,46.20900718239,-60.02310431698
B1H,Nova Scotia,NS,8,4,46.24198868005,-60.08760845582
B1J,Nova Scotia,NS,8,4,45.94803856157,-60.45363673874
B1K,Nova Scotia,NS,8,4,45.97259198,-60.16232124765
B1L,Nova Scotia,NS,8,4,46.07779532083,-60.25041978056
B1M,Nova Scotia,NS,8,4,46.10632419697,-60.1339193303
B1N,Nova Scotia,NS,8,4,46.16421947483,-60.18093411442
B1P,Nova Scotia,NS,8,4,46.13672992584,-60.17787933194
B1R,Nova Scotia,NS,8,4,46.12894755646,-60.22477079004
B1S,Nova Scotia,NS,8,4,46.11558020827,-60.20576522818
B1T,Nova Scotia,NS,8,4,46.01382238908,-60.60981067908
B1V,Nova Scotia,NS,8,4,46.23517134601,-60.22496930182
B1W,Nova Scotia,NS,8,4,45.93014476809,-60.6418942117
B1X,Nova Scotia,NS,8,4,46.21743429239,-60.41155935652
B1Y,Nova Scotia,NS,8,4,46.23513928267,-60.30970269387
B2A,Nova Scotia,NS,8,4,46.18477822859,-60.27346759744
B2C,Nova Scotia,NS,8,4,45.97978216087,-60.83960162583
B2E,Nova Scotia,NS,8,4,45.75002181379,-60.65120434138
B2G,Nova Scotia,NS,8,4,45.61771535452,-62.01038176615
B2H,Nova Scotia,NS,8,4,45.58878514247,-62.64532236923
B2J,Nova Scotia,NS,8,4,45.71858633673,-60.36586519306
B2N,Nova Scotia,NS,8,4,45.363830869,-63.27333583916
B2R,Nova Scotia,NS,8,4,44.76654067448,-63.57958094093
B2S,Nova Scotia,NS,8,4,45.00215325534,-63.51828184295
B2T,Nova Scotia,NS,8,4,44.86234196462,-63.59512701931
B2V,Nova Scotia,NS,8,4,44.66162382888,-63.4851133795
B2W,Nova Scotia,NS,8,4,44.67849575609,-63.51157370111
B2X,Nova Scotia,NS,8,4,44.69830015385,-63.54110385598
B2Y,Nova Scotia,NS,8,4,44.66815886804,-63.55239936259
B2Z,Nova Scotia,NS,8,4,44.69101795629,-63.43492869338
B3A,Nova Scotia,NS,8,4,44.67846983872,-63.57862781073
B3B,Nova Scotia,NS,8,4,44.70335442057,-63.59217505077
B3E,Nova Scotia,NS,8,4,44.72102365827,-63.36330172518
B3G,Nova Scotia,NS,8,4,44.61573484477,-63.46721185116
B3H,Nova Scotia,NS,8,4,44.6370022471,-63.58654946616
B3J,Nova Scotia,NS,8,4,44.64627627512,-63.58756423043
B3K,Nova Scotia,NS,8,4,44.66042466107,-63.59964685515
B3L,Nova Scotia,NS,8,4,44.64927514404,-63.61316650214
B3M,Nova Scotia,NS,8,4,44.67406957847,-63.6583587511
B3N,Nova Scotia,NS,8,4,44.64812182345,-63.63440966085
B3P,Nova Scotia,NS,8,4,44.62779010187,-63.60973392853
B3R,Nova Scotia,NS,8,4,44.60419635635,-63.61062474821
B3S,Nova Scotia,NS,8,4,44.65724854602,-63.66384542216
B3T,Nova Scotia,NS,8,4,44.58707966018,-63.72498853161
B3V,Nova Scotia,NS,8,4,44.53812676273,-63.59721328261
B3Z,Nova Scotia,NS,8,4,44.65450324382,-63.86381813716
B4A,Nova Scotia,NS,8,4,44.72513536034,-63.66626395895
B4B,Nova Scotia,NS,8,4,44.7378457,-63.74985435097
B4C,Nova Scotia,NS,8,4,44.76999128322,-63.6741859274
B4E,Nova Scotia,NS,8,4,44.7924731594,-63.7071299858
B4G,Nova Scotia,NS,8,4,44.83264500054,-63.68307264189
B4H,Nova Scotia,NS,8,4,45.82910544665,-64.2041681066
B4N,Nova Scotia,NS,8,4,45.07497272233,-64.481827971
B4P,Nova Scotia,NS,8,4,45.08693570061,-64.36185029509
B4R,Nova Scotia,NS,8,4,45.06215507667,-64.58190689963
B4V,Nova Scotia,NS,8,4,44.3673966851,-64.54456417377
B5A,Nova Scotia,NS,8,4,43.8386529889,-66.1139530091
B6L,Nova Scotia,NS,8,4,45.30586825196,-63.36621877714
B9A,Nova Scotia,NS,8,4,45.63505731557,-61.3676176004
C0A,Prince Edward Island,PE,9,4,46.25172042423,-63.02139564667
C0B,Prince Edward Island,PE,9,4,46.54891591829,-63.93012187732
C1A,Prince Edward Island,PE,9,4,46.24820874065,-63.12966308383
C1B,Prince Edward Island,PE,9,4,46.23046161641,-63.05984298333
C1C,Prince Edward Island,PE,9,4,46.28353990749,-63.09462490067
C1E,Prince Edward Island,PE,9,4,46.30234679637,-63.18009345534
C1N,Prince Edward Island,PE,9,4,46.40284676949,-63.78583143572
E1A,New Brunswick,NB,7,4,46.09770557992,-64.738290224
E1B,New Brunswick,NB,7,4,46.05916041592,-64.79873982551
E1C,New Brunswick,NB,7,4,46.09762351848,-64.80012024417
E1E,New Brunswick,NB,7,4,46.07920578863,-64.82054590374
E1G,New Brunswick,NB,7,4,46.13115819778,-64.88508318874
E1H,New Brunswick,NB,7,4,46.15339128559,-64.74739719359
E1J,New Brunswick,NB,7,4,46.01019951527,-64.81967280144
E1N,New Brunswick,NB,7,4,47.01672789767,-65.45599076531
E1V,New Brunswick,NB,7,4,47.01078470221,-65.56481326199
E1W,New Brunswick,NB,7,4,47.60631846243,-64.93077008044
E1X,New Brunswick,NB,7,4,47.48661793816,-64.97006420206
E2A,New Brunswick,NB,7,4,47.57563458166,-65.68321405587
E2E,New Brunswick,NB,7,4,45.41221282692,-65.97837578676
E2G,New Brunswick,NB,7,4,45.44382997866,-65.92966585523
E2H,New Brunswick,NB,7,4,45.34387343739,-66.01648635382
E2J,New Brunswick,NB,7,4,45.29219025406,-66.00786640495
E2K,New Brunswick,NB,7,4,45.28812669429,-66.0815002201
E2L,New Brunswick,NB,7,4,45.27284984675,-66.06017802789
E2M,New Brunswick,NB,7,4,45.25574209218,-66.11364866873
E2N,New Brunswick,NB,7,4,45.32559402969,-65.9355347457
E2P,New Brunswick,NB,7,4,45.2482603988,-66.00023494217
E2R,New Brunswick,NB,7,4,45.27510183333,-66.0091605
E2S,New Brunswick,NB,7,4,45.36610384477,-65.85220520474
E2V,New Brunswick,NB,7,4,45.83695353677,-66.46823794917
E3A,New Brunswick,NB,7,4,45.97711235814,-66.61502426266
E3B,New Brunswick,NB,7,4,45.91517756892,-66.64327879751
E3C,New Brunswick,NB,7,4,45.90196712194,-66.71658651352
E3E,New Brunswick,NB,7,4,45.89508913503,-66.83060382353
E3G,New Brunswick,NB,7,4,46.01549773176,-66.70600453118
E3L,New Brunswick,NB,7,4,45.21042481672,-67.29560846462
E3N,New Brunswick,NB,7,4,47.96596828794,-66.70416144303
E3V,New Brunswick,NB,7,4,47.37239141135,-68.33797705707
E3Y,New Brunswick,NB,7,4,47.06198787883,-67.70453631993
E3Z,New Brunswick,NB,7,4,47.03145451916,-67.74814760499
E4A,New Brunswick,NB,7,4,46.12096329984,-65.88305654086
E4B,New Brunswick,NB,7,4,46.03898555804,-66.07594087894
E4C,New Brunswick,NB,7,4,45.86009513341,-65.9393083005
E4E,New Brunswick,NB,7,4,45.70309355347,-65.47014773561
E4G,New Brunswick,NB,7,4,45.80183427732,-65.45659797735
E4H,New Brunswick,NB,7,4,45.82297567761,-64.77124499732
E4J,New Brunswick,NB,7,4,46.01267074343,-65.03865170739
E4K,New Brunswick,NB,7,4,45.96531144211,-64.54372273907
E4L,New Brunswick,NB,7,4,45.9123147,-64.35343605826
E4M,New Brunswick,NB,7,4,46.12285094563,-64.02191439857
E4N,New Brunswick,NB,7,4,46.20918790167,-64.35131489742
E4P,New Brunswick,NB,7,4,46.2163630134,-64.48536895519
E4R,New Brunswick,NB,7,4,46.32175800259,-64.58817207522
E4S,New Brunswick,NB,7,4,46.46490852243,-64.89729984196
E4T,New Brunswick,NB,7,4,46.42620555554,-65.07556406935
E4V,New Brunswick,NB,7,4,46.42946645681,-64.77196106841
E4W,New Brunswick,NB,7,4,46.66138747489,-64.91193743977
E4X,New Brunswick,NB,7,4,46.74764201344,-65.11968946355
E4Y,New Brunswick,NB,7,4,46.72152105024,-65.37021399043
E4Z,New Brunswick,NB,7,4,45.93602984995,-65.20691266633
E5A,New Brunswick,NB,7,4,45.26467691642,-67.13918766324
E5B,New Brunswick,NB,7,4,45.11655779079,-67.01246171913
E5C,New Brunswick,NB,7,4,45.13009461622,-66.83592403497
E5E,New Brunswick,NB,7,4,44.85007675,-66.89301238404
E5G,New Brunswick,NB,7,4,44.70418969439,-66.77502188629
E5H,New Brunswick,NB,7,4,45.10033568767,-66.70237551815
E5J,New Brunswick,NB,7,4,45.17560038922,-66.39553571437
E5K,New Brunswick,NB,7,4,45.36355976349,-66.23880495123
E5L,New Brunswick,NB,7,4,45.66508592639,-66.50957845627
E5M,New Brunswick,NB,7,4,45.65861137832,-66.41914108821
E5N,New Brunswick,NB,7,4,45.52112918732,-65.82471576705
E5P,New Brunswick,NB,7,4,45.72726885031,-65.63676289008
E5R,New Brunswick,NB,7,4,45.38409439045,-65.68136580283
E5S,New Brunswick,NB,7,4,45.40102555605,-66.09744410905
E5T,New Brunswick,NB,7,4,45.66235345759,-65.89650590407
E5V,New Brunswick,NB,7,4,45.01489924255,-66.95372563597
E6A,New Brunswick,NB,7,4,46.36877259551,-66.58412151832
E6B,New Brunswick,NB,7,4,46.20397481583,-66.67090426215
E6C,New Brunswick,NB,7,4,46.18359188271,-66.58470389733
E6E,New Brunswick,NB,7,4,46.04986410637,-67.23024597647
E6G,New Brunswick,NB,7,4,45.95039661543,-67.34615931471
E6H,New Brunswick,NB,7,4,45.78848875739,-67.4844772882
E6J,New Brunswick,NB,7,4,45.59605768088,-67.2942124857
E6K,New Brunswick,NB,7,4,45.7634433746,-66.99098888923
E6L,New Brunswick,NB,7,4,46.04566340695,-66.92482847747
E7A,New Brunswick,NB,7,4,47.31263714386,-68.56635462996
E7B,New Brunswick,NB,7,4,47.43946243162,-68.36749781652
E7C,New Brunswick,NB,7,4,47.34700949071,-68.18207014881
E7E,New Brunswick,NB,7,4,47.19606074362,-67.91118537259
E7G,New Brunswick,NB,7,4,46.91908469699,-67.49124398234
E7H,New Brunswick,NB,7,4,46.73833164869,-67.67303158598
E7J,New Brunswick,NB,7,4,46.39333153876,-67.67270535124
E7K,New Brunswick,NB,7,4,46.45756931328,-67.5935182847
E7L,New Brunswick,NB,7,3,46.44561649067,-67.53254127982
E7M,New Brunswick,NB,7,4,46.15509968021,-67.59958625743
E7N,New Brunswick,NB,7,4,46.07530002969,-67.59461893514
E7P,New Brunswick,NB,7,4,46.31601627221,-67.45087398671
E8A,New Brunswick,NB,7,4,47.53980197987,-67.39699836394
E8B,New Brunswick,NB,7,4,47.6132317873,-67.1777218902
E8C,New Brunswick,NB,7,4,48.05453656985,-66.38095254648
E8E,New Brunswick,NB,7,4,47.96934067257,-66.33616590223
E8G,New Brunswick,NB,7,4,47.89750599231,-66.00431679341
E8J,New Brunswick,NB,7,4,47.78312391517,-65.73910335402
E8K,New Brunswick,NB,7,4,47.69060215835,-65.72396680318
E8L,New Brunswick,NB,7,4,47.64358793747,-65.2010856226
E8M,New Brunswick,NB,7,4,47.80013975441,-65.05274105074
E8N,New Brunswick,NB,7,4,47.75542123676,-65.00020378049
E8P,New Brunswick,NB,7,4,47.66304524262,-65.01544517282
E8R,New Brunswick,NB,7,4,47.73176083317,-64.76457590101
E8S,New Brunswick,NB,7,4,47.75589759867,-64.68564774676
E8T,New Brunswick,NB,7,4,47.82983527386,-64.61317242872
E9A,New Brunswick,NB,7,4,47.05450925244,-64.98623236169
E9B,New Brunswick,NB,7,4,46.67386126287,-65.92160074647
E9C,New Brunswick,NB,7,4,46.55025581214,-66.17521090932
E9E,New Brunswick,NB,7,4,46.92692387343,-65.83030800888
E9G,New Brunswick,NB,7,4,47.28063449488,-65.07880876147
E9H,New Brunswick,NB,7,4,47.36931923438,-64.99336566875
G0A,Quebec,QC,6,5,47.05966839711,-71.2717699112
G0C,Quebec,QC,6,5,48.1914535542,-65.45981477531
G0E,Quebec,QC,6,5,49.18952949038,-65.64647083423
G0G,Quebec,QC,6,5,50.95432872377,-62.30939962557
G0H,Quebec,QC,6,5,49.18699407143,-68.0887298381
G0J,Quebec,QC,6,5,48.52230923172,-67.4678552523
G0K,Quebec,QC,6,5,48.27788646077,-68.40458829962
G0L,Quebec,QC,6,5,47.78434429588,-69.21684834034
G0M,Quebec,QC,6,5,46.00162073854,-70.73237262688
G0N,Quebec,QC,6,5,46.11277248121,-71.27660931909
G0P,Quebec,QC,6,5,46.02528712529,-71.77739080118
G0R,Quebec,QC,6,5,46.80286258448,-70.44013504976
G0S,Quebec,QC,6,5,46.47743056615,-71.46638946821
G0T,Quebec,QC,6,5,48.1662520675,-69.66100728208
G0V,Quebec,QC,6,5,48.38677505348,-70.80977919174
G0W,Quebec,QC,6,5,48.78745625582,-72.36860481527
G0X,Quebec,QC,6,5,46.67739576617,-72.59741045494
G0Y,Quebec,QC,6,5,45.62258635037,-71.03607298148
G0Z,Quebec,QC,6,5,46.166054538,-72.17934908867
G1A,Quebec,QC,6,5,46.80973267407,-71.22986074074
G1B,Quebec,QC,6,5,46.89479160816,-71.21871900507
G1C,Quebec,QC,6,5,46.87535219293,-71.20437486501
G1E,Quebec,QC,6,5,46.8568452744,-71.20846522543
G1G,Quebec,QC,6,5,46.87340769603,-71.28129450415
G1H,Quebec,QC,6,5,46.85368358935,-71.26644547956
G1J,Quebec,QC,6,5,46.83673372292,-71.22662207817
G1K,Quebec,QC,6,5,46.81400092569,-71.22818225677
G1L,Quebec,QC,6,5,46.83127441486,-71.24415923586
G1M,Quebec,QC,6,5,46.81913758328,-71.2694655284
G1N,Quebec,QC,6,5,46.80874056862,-71.25457740063
G1P,Quebec,QC,6,5,46.81158990091,-71.31043452693
G1R,Quebec,QC,6,5,46.80982180733,-71.22022004123
G1S,Quebec,QC,6,5,46.79665677703,-71.24693006434
G1T,Quebec,QC,6,5,46.77981711042,-71.26531300749
G1V,Quebec,QC,6,5,46.78095886739,-71.28479139567
G1W,Quebec,QC,6,5,46.77006960456,-71.28862189061
G1X,Quebec,QC,6,5,46.77723365357,-71.32893429662
G1Y,Quebec,QC,6,5,46.76828029373,-71.34590199432
G2A,Quebec,QC,6,5,46.85529935886,-71.35257492742
G2B,Quebec,QC,6,5,46.8410580423,-71.34606783994
G2C,Quebec,QC,6,5,46.82798292857,-71.32838121883
G2E,Quebec,QC,6,5,46.80619759656,-71.35708375282
G2G,Quebec,QC,6,5,46.79681726005,-71.36406706005
G2J,Quebec,QC,6,5,46.84279878037,-71.28185555276
G2K,Quebec,QC,6,5,46.84698515,-71.30090543547
G2L,Quebec,QC,6,5,46.87892501045,-71.25827057812
G2M,Quebec,QC,6,5,46.90120943819,-71.30248074573
G2N,Quebec,QC,6,5,46.88364107417,-71.32482854414
G3A,Quebec,QC,6,5,46.74190465248,-71.43089604959
G3B,Quebec,QC,6,5,46.95687672229,-71.29669780531
G3C,Quebec,QC,6,5,47.01294884583,-71.37006835128
G3E,Quebec,QC,6,5,46.86685286217,-71.33111686645
G3G,Quebec,QC,6,5,46.88038897281,-71.35348326636
G3H,Quebec,QC,6,5,46.76251239464,-71.68427763304
G3J,Quebec,QC,6,5,46.85772228875,-71.43020783855
G3K,Quebec,QC,6,5,46.84341890462,-71.40023957021
G3L,Quebec,QC,6,5,46.89340269625,-71.82185170006
G3M,Quebec,QC,6,5,46.67861625697,-71.72634158631
G3N,Quebec,QC,6,5,46.86326515149,-71.61125989016
G3S,Quebec,QC,6,5,46.82278551429,-71.49606782653
G3Z,Quebec,QC,6,5,47.46146038422,-70.61301117275
G4A,Quebec,QC,6,5,47.69468799247,-70.2256866828
G4R,Quebec,QC,6,5,50.21698699765,-66.37327508829
G4S,Quebec,QC,6,5,50.25482336111,-66.4051015101
G4T,Quebec,QC,6,4,47.37348381985,-61.85178379933
G4V,Quebec,QC,6,5,49.13025149444,-66.46956575488
G4W,Quebec,QC,6,5,48.85110720035,-67.5396641547
G4X,Quebec,QC,6,5,48.87530184846,-64.45082645139
G4Z,Quebec,QC,6,5,49.21692643668,-68.16903107863
G5A,Quebec,QC,6,5,47.66554087682,-70.14258174932
G5B,Quebec,QC,6,5,50.02445832175,-66.87794414955
G5C,Quebec,QC,6,5,49.19376758858,-68.27322979193
G5H,Quebec,QC,6,5,48.58723228556,-68.19068463718
G5J,Quebec,QC,6,5,48.46656220966,-67.4307510464
G5L,Quebec,QC,6,5,48.44479237824,-68.53263230172
G5M,Quebec,QC,6,5,48.49138221277,-68.47527743024
G5N,Quebec,QC,6,5,48.39993566684,-68.50102247152
G5R,Quebec,QC,6,5,47.83122289661,-69.53227406521
G5T,Quebec,QC,6,5,47.54844705913,-68.64343741513
G5V,Quebec,QC,6,5,46.97831968849,-70.5566919659
G5X,Quebec,QC,6,5,46.21024533106,-70.77301888182
G5Y,Quebec,QC,6,5,46.11573988859,-70.66731625536
G5Z,Quebec,QC,6,5,46.10562446838,-70.67296234918
G6A,Quebec,QC,6,5,46.13609973504,-70.6723512
G6B,Quebec,QC,6,5,45.58011504106,-70.88874490745
G6C,Quebec,QC,6,5,46.7629867984,-71.12015886649
G6E,Quebec,QC,6,5,46.44434932974,-71.02442487496
G6G,Quebec,QC,6,5,46.10143679627,-71.29899478299
G6H,Quebec,QC,6,5,46.08088881051,-71.32541858912
G6J,Quebec,QC,6,5,46.65449988988,-71.31036827315
G6K,Quebec,QC,6,5,46.69236414904,-71.29074672893
G6L,Quebec,QC,6,5,46.20077941989,-71.81596657043
G6P,Quebec,QC,6,5,46.05528437833,-71.95492247594
G6R,Quebec,QC,6,5,46.03169920556,-71.97222154132
G6S,Quebec,QC,6,5,46.04612561411,-71.91733302199
G6T,Quebec,QC,6,5,46.07434050202,-71.97445727875
G6V,Quebec,QC,6,5,46.81090233287,-71.16525662104
G6W,Quebec,QC,6,5,46.76012027988,-71.22132375339
G6X,Quebec,QC,6,5,46.71699429509,-71.26743207076
G6Y,Quebec,QC,6,5,46.80391106215,-71.14384680398
G6Z,Quebec,QC,6,5,46.72120424254,-71.20160912854
G7A,Quebec,QC,6,5,46.69282831634,-71.3668192068
G7B,Quebec,QC,6,5,48.33048696728,-70.88613880383
G7G,Quebec,QC,6,5,48.44637135272,-71.06860524082
G7H,Quebec,QC,6,5,48.41481166154,-71.05106046192
G7J,Quebec,QC,6,5,48.41809662702,-71.08640239166
G7K,Quebec,QC,6,5,48.35222626301,-71.14580129452
G7N,Quebec,QC,6,5,48.3223045157,-71.12150886364
G7P,Quebec,QC,6,5,48.52240015128,-71.29661288376
G7S,Quebec,QC,6,5,48.41954833212,-71.17665688881
G7T,Quebec,QC,6,5,48.40311198235,-71.19562508235
G7X,Quebec,QC,6,5,48.41442002421,-71.24507538908
G7Y,Quebec,QC,6,5,48.38388578462,-71.26730876154
G7Z,Quebec,QC,6,5,48.42956373721,-71.26618911085
G8A,Quebec,QC,6,5,48.41358277937,-71.26799186783
G8B,Quebec,QC,6,5,48.55068451569,-71.64695663302
G8C,Quebec,QC,6,5,48.5363461809,-71.65260116461
G8E,Quebec,QC,6,5,48.61479094408,-71.66676774425
G8G,Quebec,QC,6,5,48.42058618113,-71.85378928528
G8H,Quebec,QC,6,5,48.50624668613,-72.22408442017
G8J,Quebec,QC,6,5,48.62152566419,-72.40866985459
G8K,Quebec,QC,6,5,48.65934636837,-72.44109797813
G8L,Quebec,QC,6,5,48.88080775576,-72.21645246025
G8M,Quebec,QC,6,5,48.85676003864,-72.48193718393
G8N,Quebec,QC,6,5,48.3890798632,-71.6798280184
G8P,Quebec,QC,6,5,49.91486733077,-74.36910258323
G8T,Quebec,QC,6,5,46.37674610091,-72.52907441108
G8V,Quebec,QC,6,5,46.39640131092,-72.52306556776
G8W,Quebec,QC,6,5,46.39612677557,-72.58245417028
G8Y,Quebec,QC,6,5,46.35875608249,-72.60135958363
G8Z,Quebec,QC,6,5,46.34701594489,-72.56864153051
G9A,Quebec,QC,6,5,46.34152533491,-72.55468343743
G9B,Quebec,QC,6,5,46.31432658474,-72.62706681943
G9C,Quebec,QC,6,5,46.38501118108,-72.64963076919
G9H,Quebec,QC,6,5,46.3288416066,-72.40658834181
G9N,Quebec,QC,6,5,46.56363130067,-72.74173629717
G9P,Quebec,QC,6,5,46.519133675,-72.74585784622
G9R,Quebec,QC,6,5,46.59770069534,-72.79452118022
G9T,Quebec,QC,6,5,46.61565544127,-72.6921787428
G9X,Quebec,QC,6,5,47.42987073584,-72.78163826351
H0M,Quebec,QC,6,5,45.03265023333,-74.55789427333
H1A,Quebec,QC,6,5,45.67016501661,-73.49948232509
H1B,Quebec,QC,6,5,45.63982246628,-73.50356536594
H1C,Quebec,QC,6,5,45.65687685036,-73.55830371051
H1E,Quebec,QC,6,5,45.63766813214,-73.58808405866
H1G,Quebec,QC,6,5,45.60953354393,-73.6245885583
H1H,Quebec,QC,6,5,45.58922419487,-73.64041858425
H1J,Quebec,QC,6,5,45.61095827975,-73.57549224233
H1K,Quebec,QC,6,5,45.60743855182,-73.54566805117
H1L,Quebec,QC,6,5,45.6011485065,-73.52109322116
H1M,Quebec,QC,6,5,45.58725039073,-73.55609850242
H1N,Quebec,QC,6,5,45.57234880702,-73.54253826798
H1P,Quebec,QC,6,5,45.59549980468,-73.59337785995
H1R,Quebec,QC,6,5,45.58533482519,-73.60670351794
H1S,Quebec,QC,6,5,45.57932548145,-73.58356496241
H1T,Quebec,QC,6,5,45.57304870812,-73.57135180217
H1V,Quebec,QC,6,5,45.55310809151,-73.5427089289
H1W,Quebec,QC,6,5,45.54417603794,-73.54874512945
H1X,Quebec,QC,6,5,45.55566200945,-73.57313555407
H1Y,Quebec,QC,6,5,45.54882244046,-73.57875853714
H1Z,Quebec,QC,6,5,45.57213384356,-73.61972403153
H2A,Quebec,QC,6,5,45.55988018086,-73.60014812568
H2B,Quebec,QC,6,5,45.57389888684,-73.65050479211
H2C,Quebec,QC,6,5,45.55960701972,-73.65921283216
H2E,Quebec,QC,6,5,45.55152469598,-73.61176594129
H2G,Quebec,QC,6,5,45.54435665752,-73.59262103958
H2H,Quebec,QC,6,5,45.53637915052,-73.57474040415
H2J,Quebec,QC,6,5,45.52916500235,-73.58346220361
H2K,Quebec,QC,6,5,45.52983869304,-73.5566473193
H2L,Quebec,QC,6,5,45.51751367659,-73.56729500093
H2M,Quebec,QC,6,5,45.55218456451,-73.64100542623
H2N,Quebec,QC,6,5,45.539840194,-73.6512950815
H2P,Quebec,QC,6,5,45.54347510208,-73.6340067631
H2R,Quebec,QC,6,5,45.54069046074,-73.62054359973
H2S,Quebec,QC,6,5,45.53497686573,-73.60826776052
H2T,Quebec,QC,6,5,45.5243969415,-73.59368678818
H2V,Quebec,QC,6,5,45.51871165666,-73.60868390805
H2W,Quebec,QC,6,5,45.51887994604,-73.58150431434
H2X,Quebec,QC,6,5,45.5143289437,-73.5711730729
H2Y,Quebec,QC,6,5,45.50462241357,-73.56014244631
H2Z,Quebec,QC,6,5,45.50695883333,-73.56590919512
H3A,Quebec,QC,6,5,45.50482361182,-73.5751303885
H3B,Quebec,QC,6,5,45.5026968273,-73.57296637375
H3C,Quebec,QC,6,5,45.49380137916,-73.59520067357
H3E,Quebec,QC,6,5,45.46191295534,-73.54644575097
H3G,Quebec,QC,6,5,45.498705884,-73.5863526776
H3H,Quebec,QC,6,5,45.49536378681,-73.5816454934
H3J,Quebec,QC,6,5,45.48892936906,-73.57145811906
H3K,Quebec,QC,6,5,45.47984099415,-73.56363909947
H3L,Quebec,QC,6,5,45.54794208163,-73.66973463408
H3M,Quebec,QC,6,5,45.53886191385,-73.69132048665
H3N,Quebec,QC,6,5,45.53038294006,-73.63131928471
H3P,Quebec,QC,6,5,45.52155751827,-73.63653051802
H3R,Quebec,QC,6,5,45.51081496256,-73.64812814302
H3S,Quebec,QC,6,5,45.50648051893,-73.62911016183
H3T,Quebec,QC,6,5,45.50166831263,-73.61962044947
H3V,Quebec,QC,6,5,45.49507039259,-73.61431697407
H3W,Quebec,QC,6,5,45.49001714195,-73.63299648171
H3X,Quebec,QC,6,5,45.48167848324,-73.64076249599
H3Y,Quebec,QC,6,5,45.48733860161,-73.6043135023
H3Z,Quebec,QC,6,5,45.48302733125,-73.5992651054
H4A,Quebec,QC,6,5,45.47659544059,-73.61478781036
H4B,Quebec,QC,6,5,45.46602710029,-73.63143829735
H4C,Quebec,QC,6,5,45.47892429929,-73.58679483064
H4E,Quebec,QC,6,5,45.45710616869,-73.59536674728
H4G,Quebec,QC,6,5,45.46307808349,-73.57041589115
H4H,Quebec,QC,6,5,45.44631187742,-73.58075507097
H4J,Quebec,QC,6,5,45.53209140383,-73.70912503101
H4K,Quebec,QC,6,5,45.52504758601,-73.72733597679
H4L,Quebec,QC,6,5,45.51759457419,-73.68405522026
H4M,Quebec,QC,6,5,45.50191396869,-73.68606068085
H4N,Quebec,QC,6,5,45.52722366289,-73.66650647579
H4P,Quebec,QC,6,5,45.50073917817,-73.65698169651
H4R,Quebec,QC,6,5,45.50651032639,-73.70776530853
H4S,Quebec,QC,6,5,45.49287669185,-73.74357643641
H4T,Quebec,QC,6,5,45.48496117372,-73.69505377372
H4V,Quebec,QC,6,5,45.4679223438,-73.64829806832
H4W,Quebec,QC,6,5,45.46754457192,-73.66555217808
H4X,Quebec,QC,6,5,45.45489151974,-73.65163951228
H4Y,Quebec,QC,6,5,45.4753099087,-73.72033153261
H4Z,Quebec,QC,6,5,45.51279541515,-73.54618257576
H5A,Quebec,QC,6,5,45.50483333333,-73.562251
H5B,Quebec,QC,6,5,45.51845526929,-73.58583063696
H7A,Quebec,QC,6,5,45.66546535053,-73.58649687405
H7B,Quebec,QC,6,5,45.681231292,-73.632184084
H7C,Quebec,QC,6,5,45.6157881574,-73.65010091318
H7E,Quebec,QC,6,5,45.59615439447,-73.66856142338
H7G,Quebec,QC,6,5,45.57493456653,-73.68303112062
H7H,Quebec,QC,6,5,45.64104262872,-73.75585347303
H7J,Quebec,QC,6,5,45.67224343261,-73.69773513913
H7K,Quebec,QC,6,5,45.62134349889,-73.73980224593
H7L,Quebec,QC,6,5,45.60389355832,-73.77793435831
H7M,Quebec,QC,6,5,45.60063607259,-73.71859091285
H7N,Quebec,QC,6,5,45.56009429494,-73.70401144489
H7P,Quebec,QC,6,5,45.57887737911,-73.80410022622
H7R,Quebec,QC,6,5,45.55376928652,-73.86138868508
H7S,Quebec,QC,6,5,45.57405393333,-73.72876137819
H7T,Quebec,QC,6,5,45.55745972339,-73.76738079742
H7V,Quebec,QC,6,5,45.54748668049,-73.73427395712
H7W,Quebec,QC,6,5,45.53605784473,-73.75846441851
H7X,Quebec,QC,6,5,45.52717765497,-73.80562942883
H7Y,Quebec,QC,6,5,45.52439699686,-73.8495122831
H8N,Quebec,QC,6,5,45.43724198976,-73.62061527283
H8P,Quebec,QC,6,5,45.42577828141,-73.6060258
H8R,Quebec,QC,6,5,45.43144834752,-73.64598244606
H8S,Quebec,QC,6,5,45.43907840189,-73.67666604244
H8T,Quebec,QC,6,5,45.44499059784,-73.70635306048
H8Y,Quebec,QC,6,5,45.50573710983,-73.80132765858
H8Z,Quebec,QC,6,5,45.50594159604,-73.84240961035
H9A,Quebec,QC,6,5,45.49613707318,-73.82946391765
H9B,Quebec,QC,6,5,45.49145540165,-73.80083290448
H9C,Quebec,QC,6,5,45.49990471915,-73.87487076507
H9E,Quebec,QC,6,5,45.48999695128,-73.8927333188
H9G,Quebec,QC,6,5,45.47566816504,-73.83743592791
H9H,Quebec,QC,6,5,45.47140201604,-73.85857636942
H9J,Quebec,QC,6,5,45.45408018367,-73.87826685158
H9K,Quebec,QC,6,5,45.45900390714,-73.89990336143
H9P,Quebec,QC,6,5,45.4571855142,-73.76199269681
H9R,Quebec,QC,6,5,45.45689483546,-73.81043824273
H9S,Quebec,QC,6,5,45.44201797353,-73.77065555942
H9W,Quebec,QC,6,5,45.43095899606,-73.86620816851
H9X,Quebec,QC,6,5,45.41476683438,-73.92930268283
J0A,Quebec,QC,6,5,45.86046708696,-71.94241717391
J0B,Quebec,QC,6,5,45.35376985652,-71.82974796891
J0C,Quebec,QC,6,5,45.9231962392,-72.5478423904
J0E,Quebec,QC,6,5,45.30535091451,-72.50795050078
J0G,Quebec,QC,6,5,46.00413853143,-72.84659114857
J0H,Quebec,QC,6,5,45.66759221275,-72.78716727078
J0J,Quebec,QC,6,5,45.17046780392,-73.15574086275
J0K,Quebec,QC,6,5,46.18940595132,-73.47240767901
J0L,Quebec,QC,6,5,45.47091500951,-73.37876078073
J0M,Quebec,QC,6,5,57.98524893611,-74.53653242222
J0N,Quebec,QC,6,5,45.56382012778,-73.94284882778
J0P,Quebec,QC,6,5,45.3499250172,-74.2673606608
J0R,Quebec,QC,6,5,45.88527380417,-74.15048556667
J0S,Quebec,QC,6,5,45.114386799,-74.05024057175
J0T,Quebec,QC,6,5,46.11199734631,-74.52058133169
J0V,Quebec,QC,6,5,45.74309308857,-74.81123229143
J0W,Quebec,QC,6,5,46.63923776788,-75.55580618636
J0X,Quebec,QC,6,5,45.83952300649,-76.11910341284
J0Y,Quebec,QC,6,5,48.88592902231,-77.62151095442
J0Z,Quebec,QC,6,5,48.10224196058,-79.15303345058
J1A,Quebec,QC,6,5,45.13508232403,-71.80947423364
J1C,Quebec,QC,6,5,45.44386045497,-71.93938686118
J1E,Quebec,QC,6,5,45.41712134083,-71.87612312951
J1G,Quebec,QC,6,5,45.404249807,-71.86230252325
J1H,Quebec,QC,6,5,45.39227538795,-71.89822368755
J1J,Quebec,QC,6,5,45.40748983275,-71.92091761908
J1K,Quebec,QC,6,5,45.38633538538,-71.93338855117
J1L,Quebec,QC,6,5,45.40128129353,-71.95454047898
J1M,Quebec,QC,6,5,45.37239426593,-71.86794228704
J1N,Quebec,QC,6,5,45.37229110196,-71.98009707029
J1R,Quebec,QC,6,5,45.39269768415,-72.00235336646
J1S,Quebec,QC,6,5,45.57218833075,-72.00470497207
J1T,Quebec,QC,6,5,45.77405986436,-71.93120402162
J1X,Quebec,QC,6,5,45.28897053733,-72.14967326775
J1Z,Quebec,QC,6,5,45.9307560408,-72.45247118997
J2A,Quebec,QC,6,5,45.83385077349,-72.41616783726
J2B,Quebec,QC,6,5,45.86641855604,-72.47728898843
J2C,Quebec,QC,6,5,45.88759844089,-72.50463439203
J2E,Quebec,QC,6,5,45.9052383699,-72.53271106071
J2G,Quebec,QC,6,5,45.40415060959,-72.73342075283
J2H,Quebec,QC,6,5,45.41343698844,-72.71410584774
J2J,Quebec,QC,6,5,45.39840770737,-72.76152064863
J2K,Quebec,QC,6,5,45.21920621175,-72.76056510522
J2L,Quebec,QC,6,5,45.30246786094,-72.67176352893
J2M,Quebec,QC,6,5,45.36217863389,-72.6024976954
J2N,Quebec,QC,6,5,45.28323182795,-72.9769460929
J2R,Quebec,QC,6,5,45.64559563789,-72.93812381367
J2S,Quebec,QC,6,5,45.62404053282,-72.95999554206
J2T,Quebec,QC,6,5,45.62256082201,-72.93721137027
J2W,Quebec,QC,6,5,45.35784700991,-73.28991133601
J2X,Quebec,QC,6,5,45.3026100779,-73.23659855994
J2Y,Quebec,QC,6,5,45.32455312065,-73.33606761413
J3A,Quebec,QC,6,5,45.33710721797,-73.27455225765
J3B,Quebec,QC,6,5,45.30361269548,-73.26690406455
J3E,Quebec,QC,6,5,45.58314470684,-73.33286050285
J3G,Quebec,QC,6,5,45.56681708472,-73.21706454928
J3H,Quebec,QC,6,5,45.55284415564,-73.1928104844
J3L,Quebec,QC,6,5,45.44572851608,-73.28441107599
J3M,Quebec,QC,6,5,45.43300756905,-73.16234085476
J3N,Quebec,QC,6,5,45.52553692028,-73.29075711745
J3P,Quebec,QC,6,5,46.03230461444,-73.10393254465
J3R,Quebec,QC,6,5,46.02676332758,-73.14113823956
J3T,Quebec,QC,6,5,46.23410092072,-72.60860186802
J3V,Quebec,QC,6,5,45.52830257739,-73.34368076567
J3X,Quebec,QC,6,5,45.67892249486,-73.42190124469
J3Y,Quebec,QC,6,5,45.48918948465,-73.41984903297
J3Z,Quebec,QC,6,5,45.48532884175,-73.39440390097
J4B,Quebec,QC,6,5,45.59997784068,-73.44247612966
J4G,Quebec,QC,6,5,45.56346866884,-73.47685177021
J4H,Quebec,QC,6,5,45.53589712881,-73.50418578073
J4J,Quebec,QC,6,5,45.53282392247,-73.48251970312
J4K,Quebec,QC,6,5,45.51782864796,-73.49648897648
J4L,Quebec,QC,6,5,45.51908307265,-73.4601569259
J4M,Quebec,QC,6,5,45.53642968743,-73.44830476053
J4N,Quebec,QC,6,5,45.54960260591,-73.45597188817
J4P,Quebec,QC,6,5,45.50668268998,-73.5078280714
J4R,Quebec,QC,6,5,45.49423406147,-73.50161104098
J4S,Quebec,QC,6,5,45.481171228,-73.49400441771
J4T,Quebec,QC,6,5,45.49709085111,-73.46842414424
J4V,Quebec,QC,6,5,45.48810053249,-73.46871406834
J4W,Quebec,QC,6,5,45.46789089529,-73.48258622713
J4X,Quebec,QC,6,5,45.44547424521,-73.48334361123
J4Y,Quebec,QC,6,5,45.44699587312,-73.45945028534
J4Z,Quebec,QC,6,5,45.46656024451,-73.45030966785
J5A,Quebec,QC,6,5,45.37711523711,-73.57582366474
J5B,Quebec,QC,6,5,45.37875976221,-73.54343826832
J5C,Quebec,QC,6,5,45.40130630575,-73.56413863393
J5J,Quebec,QC,6,5,45.82837340906,-73.94199328118
J5K,Quebec,QC,6,5,45.75181918454,-74.11670317367
J5L,Quebec,QC,6,5,45.79267176168,-74.06075276835
J5M,Quebec,QC,6,5,45.85264006532,-73.76088113327
J5N,Quebec,QC,6,5,45.76010566037,-73.81137622932
J5R,Quebec,QC,6,5,45.40109695515,-73.49758458729
J5T,Quebec,QC,6,5,45.89470253417,-73.29874784598
J5V,Quebec,QC,6,5,46.25530441247,-72.94550061167
J5W,Quebec,QC,6,5,45.84141257402,-73.41759482493
J5X,Quebec,QC,6,5,45.85007857896,-73.49759285837
J5Y,Quebec,QC,6,5,45.77250142405,-73.42538028591
J5Z,Quebec,QC,6,5,45.74911775747,-73.47640724145
J6A,Quebec,QC,6,5,45.74126426814,-73.45721936183
J6E,Quebec,QC,6,5,46.03249640477,-73.44510560215
J6J,Quebec,QC,6,5,45.3698503804,-73.74174875208
J6K,Quebec,QC,6,5,45.35292128292,-73.7298228145
J6N,Quebec,QC,6,5,45.31477919887,-73.85858092533
J6R,Quebec,QC,6,5,45.31590992957,-73.74175253306
J6S,Quebec,QC,6,5,45.2610749363,-74.12240439417
J6T,Quebec,QC,6,5,45.24862408686,-74.13176452261
J6V,Quebec,QC,6,5,45.71548365026,-73.52541834398
J6W,Quebec,QC,6,5,45.70079190083,-73.63179366545
J6X,Quebec,QC,6,5,45.7160042855,-73.67260788943
J6Y,Quebec,QC,6,5,45.69130139214,-73.75162677642
J6Z,Quebec,QC,6,5,45.66872537858,-73.77140141354
J7A,Quebec,QC,6,5,45.63843108165,-73.79645849346
J7B,Quebec,QC,6,5,45.65746208177,-73.81540652611
J7C,Quebec,QC,6,5,45.67407251996,-73.87828258195
J7E,Quebec,QC,6,5,45.64355809106,-73.84286862588
J7G,Quebec,QC,6,5,45.61443432596,-73.83333498736
J7H,Quebec,QC,6,5,45.6261009791,-73.86241625028
J7J,Quebec,QC,6,5,45.70186628545,-73.926094825
J7K,Quebec,QC,6,5,45.74748260353,-73.60542390773
J7L,Quebec,QC,6,5,45.74017013416,-73.65603614359
J7M,Quebec,QC,6,5,45.77458161883,-73.72956115741
J7N,Quebec,QC,6,5,45.65657814856,-74.04640766536
J7P,Quebec,QC,6,5,45.57332323693,-73.87816476766
J7R,Quebec,QC,6,5,45.55418868928,-73.90755562761
J7T,Quebec,QC,6,5,45.37511125181,-74.11351495043
J7V,Quebec,QC,6,5,45.38712118976,-73.99829006424
J7W,Quebec,QC,6,5,45.37232131338,-73.97054782626
J7X,Quebec,QC,6,5,45.26917787,-74.22155562692
J7Y,Quebec,QC,6,5,45.79126517398,-74.01168996687
J7Z,Quebec,QC,6,5,45.77593175565,-73.992486209
J8A,Quebec,QC,6,5,45.91587300309,-74.00310864138
J8B,Quebec,QC,6,5,45.95716965389,-74.13969139241
J8C,Quebec,QC,6,5,46.04926015989,-74.27918321421
J8E,Quebec,QC,6,5,46.14705302727,-74.59722466473
J8G,Quebec,QC,6,5,45.68296611767,-74.42773676651
J8H,Quebec,QC,6,5,45.66035882928,-74.34199362686
J8L,Quebec,QC,6,5,45.57689800454,-75.42194522473
J8M,Quebec,QC,6,5,45.53639036518,-75.48750079069
J8N,Quebec,QC,6,5,45.67806706744,-75.6771968168
J8P,Quebec,QC,6,5,45.49038515559,-75.63216808355
J8R,Quebec,QC,6,5,45.51054762117,-75.63118872117
J8T,Quebec,QC,6,5,45.47703727439,-75.70540740927
J8V,Quebec,QC,6,5,45.51828171591,-75.73764249983
J8X,Quebec,QC,6,5,45.43735171228,-75.71511858297
J8Y,Quebec,QC,6,5,45.44640869144,-75.73886430136
J8Z,Quebec,QC,6,5,45.47082966501,-75.75871933524
J9A,Quebec,QC,6,5,45.43185022236,-75.7614256513
J9B,Quebec,QC,6,5,45.53608776985,-75.813276464
J9E,Quebec,QC,6,5,46.37838098753,-75.97272267724
J9H,Quebec,QC,6,5,45.39914260734,-75.82911979316
J9J,Quebec,QC,6,5,45.4297238776,-75.81941768605
J9L,Quebec,QC,6,5,46.54859441741,-75.50228312202
J9P,Quebec,QC,6,5,48.0996440871,-77.78941994688
J9T,Quebec,QC,6,5,48.57227350143,-78.11661024061
J9V,Quebec,QC,6,5,47.33135806967,-79.44245264696
J9X,Quebec,QC,6,5,48.24014307019,-79.01775101766
J9Y,Quebec,QC,6,5,48.18330923571,-79.05275011762
J9Z,Quebec,QC,6,5,48.80090933412,-79.20280305352
K0A,Ontario,ON,5,5,45.26684987735,-75.69343771426
K0B,Ontario,ON,5,5,45.51097768421,-74.70650942105
K0C,Ontario,ON,5,5,45.15128154745,-74.88922847765
K0E,Ontario,ON,5,5,44.72390148147,-75.70432473559
K0G,Ontario,ON,5,5,44.86603243654,-76.02049922269
K0H,Ontario,ON,5,5,44.5959838,-76.73916760386
K0J,Ontario,ON,5,5,45.63395612451,-77.3306599949
K0K,Ontario,ON,5,5,44.19436397386,-77.44712581818
K0L,Ontario,ON,5,5,44.56408896826,-78.13789851814
K0M,Ontario,ON,5,6,44.74990562477,-78.72902952477
K1A,Ontario,ON,5,5,45.41289258372,-75.6982458564
K1B,Ontario,ON,5,5,45.42284905959,-75.59396475245
K1C,Ontario,ON,5,5,45.46461071474,-75.53096254859
K1E,Ontario,ON,5,5,45.473497798,-75.50551125571
K1G,Ontario,ON,5,5,45.39439456187,-75.63478280996
K1H,Ontario,ON,5,5,45.38790779909,-75.65846494502
K1J,Ontario,ON,5,5,45.44479746228,-75.60832906243
K1K,Ontario,ON,5,5,45.43775164092,-75.64711072451
K1L,Ontario,ON,5,5,45.43840170668,-75.66151234088
K1M,Ontario,ON,5,5,45.4455579829,-75.67976618595
K1N,Ontario,ON,5,5,45.42443966365,-75.68787634122
K1P,Ontario,ON,5,5,45.39106148065,-75.74174367373
K1R,Ontario,ON,5,5,45.41086352844,-75.70613896591
K1S,Ontario,ON,5,5,45.39992180509,-75.68968747346
K1T,Ontario,ON,5,5,45.34717985842,-75.62822100468
K1V,Ontario,ON,5,5,45.34998120959,-75.67063714892
K1W,Ontario,ON,5,5,45.43600657806,-75.52665944839
K1X,Ontario,ON,5,5,45.28825047281,-75.6392573193
K1Y,Ontario,ON,5,5,45.39807864504,-75.73122910452
K1Z,Ontario,ON,5,5,45.38578734943,-75.73976302874
K2A,Ontario,ON,5,5,45.37837206968,-75.76389778404
K2B,Ontario,ON,5,5,45.36210165264,-75.78975957376
K2C,Ontario,ON,5,5,45.35941274452,-75.74030013369
K2E,Ontario,ON,5,5,45.34801812065,-75.71727450085
K2G,Ontario,ON,5,5,45.3314847878,-75.74679751463
K2H,Ontario,ON,5,5,45.33214283332,-75.81465252171
K2J,Ontario,ON,5,5,45.27447513036,-75.75360428462
K2K,Ontario,ON,5,5,45.33502963903,-75.91146588903
K2L,Ontario,ON,5,5,45.30045552541,-75.88798586925
K2M,Ontario,ON,5,5,45.28871564911,-75.85967729533
K2P,Ontario,ON,5,5,45.41608082,-75.69099885753
K2R,Ontario,ON,5,5,45.28032150984,-75.80871025738
K2S,Ontario,ON,5,5,45.26250190456,-75.91704503833
K2T,Ontario,ON,5,5,45.31521461722,-75.92627945444
K2V,Ontario,ON,5,5,45.28913078767,-75.8997759863
K2W,Ontario,ON,5,5,45.36161270813,-75.96849579268
K4A,Ontario,ON,5,5,45.46972015,-75.47822106444
K4B,Ontario,ON,5,5,45.40512402071,-75.38267070357
K4C,Ontario,ON,5,5,45.49464244375,-75.39308081094
K4K,Ontario,ON,5,5,45.54369254106,-75.29784625761
K4M,Ontario,ON,5,5,45.22329305607,-75.67671116474
K4P,Ontario,ON,5,5,45.25220560641,-75.57225837564
K4R,Ontario,ON,5,5,45.25825161404,-75.3603799
K6A,Ontario,ON,5,5,45.6040052392,-74.60325522707
K6H,Ontario,ON,5,5,45.02809805156,-74.71474221119
K6J,Ontario,ON,5,5,45.02336260682,-74.74923910193
K6K,Ontario,ON,5,5,45.06026468193,-74.76794816566
K6T,Ontario,ON,5,5,44.6062797,-75.76344905882
K6V,Ontario,ON,5,5,44.59596934807,-75.69379794316
K7A,Ontario,ON,5,5,44.89925815967,-76.01692986419
K7C,Ontario,ON,5,5,45.14143063633,-76.16951175121
K7G,Ontario,ON,5,5,44.33018309439,-76.16457447619
K7H,Ontario,ON,5,5,44.90288792137,-76.248138925
K7K,Ontario,ON,5,5,44.2479361874,-76.48519952211
K7L,Ontario,ON,5,5,44.23175610049,-76.49584424341
K7M,Ontario,ON,5,5,44.23811311895,-76.55840106204
K7N,Ontario,ON,5,5,44.2230255785,-76.6465814729
K7P,Ontario,ON,5,5,44.26211458841,-76.56778134919
K7R,Ontario,ON,5,5,44.24704436834,-76.95494861159
K7S,Ontario,ON,5,5,45.43422544484,-76.35736982883
K7V,Ontario,ON,5,5,45.46936207719,-76.68801683206
K8A,Ontario,ON,5,5,45.81268495436,-77.12363519646
K8B,Ontario,ON,5,5,45.80687051,-77.088715685
K8H,Ontario,ON,5,5,45.8478589502,-77.29875876474
K8N,Ontario,ON,5,5,44.16673316962,-77.38783953246
K8P,Ontario,ON,5,5,44.17010261207,-77.39927756547
K8R,Ontario,ON,5,5,44.14344281724,-77.45417423793
K8V,Ontario,ON,5,5,44.10651559981,-77.57916065722
K9A,Ontario,ON,5,5,43.96878860576,-78.17398407073
K9H,Ontario,ON,5,5,44.31752038144,-78.32230616616
K9J,Ontario,ON,5,5,44.29250361275,-78.33126373638
K9K,Ontario,ON,5,5,44.28614114622,-78.36576792936
K9L,Ontario,ON,5,5,44.32990415,-78.30049734107
K9V,Ontario,ON,5,5,44.35782331458,-78.74087029775
L0A,Ontario,ON,5,5,44.10705580833,-78.50531055
L0B,Ontario,ON,5,5,44.08431275385,-78.80043979231
L0C,Ontario,ON,5,5,44.18025033333,-79.09980833333
L0E,Ontario,ON,5,5,44.28134341667,-79.30602225
L0G,Ontario,ON,5,5,44.050753665,-79.62010593
L0H,Ontario,ON,5,5,43.92103342857,-79.18993114286
L0J,Ontario,ON,5,5,43.831219,-79.6685725
L0K,Ontario,ON,5,5,44.67528632069,-79.5399647
L0L,Ontario,ON,5,5,44.42979866444,-79.73807804806
L0M,Ontario,ON,5,5,44.34027499222,-79.98326752333
L0N,Ontario,ON,5,5,44.04456717261,-80.16209248783
L0P,Ontario,ON,5,5,43.59545475,-79.9332255
L0R,Ontario,ON,5,5,43.21903276716,-79.76284191194
L0S,Ontario,ON,5,5,43.02766473611,-79.18873881389
L1A,Ontario,ON,5,5,43.95441341845,-78.31045686149
L1B,Ontario,ON,5,5,43.96518369109,-78.7011667475
L1C,Ontario,ON,5,5,43.92223238248,-78.69001344791
L1E,Ontario,ON,5,5,43.90527666089,-78.79362433024
L1G,Ontario,ON,5,5,43.91652332178,-78.86335614946
L1H,Ontario,ON,5,5,43.90332169391,-78.86247579134
L1J,Ontario,ON,5,5,43.89521995147,-78.90547478945
L1K,Ontario,ON,5,5,43.93236295734,-78.8452506771
L1L,Ontario,ON,5,5,43.95116730698,-78.8923614907
L1M,Ontario,ON,5,5,43.95855652444,-78.96289106889
L1N,Ontario,ON,5,5,43.88144359366,-78.93395313894
L1P,Ontario,ON,5,5,43.89903533322,-78.97342533706
L1R,Ontario,ON,5,5,43.91243869684,-78.93961897544
L1S,Ontario,ON,5,5,43.84126983888,-79.02192739316
L1T,Ontario,ON,5,5,43.87067961849,-79.04604099027
L1V,Ontario,ON,5,5,43.83226849235,-79.11117427088
L1W,Ontario,ON,5,5,43.81820722865,-79.09216795416
L1X,Ontario,ON,5,5,43.86059758194,-79.1237688566
L1Y,Ontario,ON,5,5,43.95633600408,-79.08831925306
L1Z,Ontario,ON,5,5,43.87262253495,-79.01066225836
L2A,Ontario,ON,5,5,42.9081295424,-78.936094855
L2E,Ontario,ON,5,5,43.10431774561,-79.08501661376
L2G,Ontario,ON,5,5,43.07402251166,-79.0874120741
L2H,Ontario,ON,5,5,43.09026257866,-79.1293285779
L2J,Ontario,ON,5,5,43.12629699756,-79.1056506287
L2M,Ontario,ON,5,5,43.19602327048,-79.21853270952
L2N,Ontario,ON,5,5,43.19408777715,-79.25099360059
L2P,Ontario,ON,5,5,43.15384309422,-79.21444809458
L2R,Ontario,ON,5,5,43.16700919167,-79.24398235227
L2S,Ontario,ON,5,5,43.146427659,-79.25953621972
L2T,Ontario,ON,5,5,43.13402347002,-79.22615565009
L2V,Ontario,ON,5,5,43.11657463131,-79.20836311881
L2W,Ontario,ON,5,5,43.16624659286,-79.27689846071
L3B,Ontario,ON,5,5,42.98289956761,-79.24046774602
L3C,Ontario,ON,5,5,43.00030494878,-79.2641103736
L3K,Ontario,ON,5,5,42.89146636051,-79.25430412639
L3L,Ontario,ON,5,5,43.85251420667,-79.58007154
L3M,Ontario,ON,5,5,43.19661307181,-79.55868715201
L3P,Ontario,ON,5,5,43.87988452051,-79.26320505678
L3R,Ontario,ON,5,5,43.84953105106,-79.32582830984
L3S,Ontario,ON,5,5,43.8434053386,-79.27112426082
L3T,Ontario,ON,5,5,43.82027520749,-79.39585462542
L3V,Ontario,ON,5,5,44.61184009655,-79.40401340537
L3X,Ontario,ON,5,5,44.04137332054,-79.47436748353
L3Y,Ontario,ON,5,5,44.05860481898,-79.45803670526
L3Z,Ontario,ON,5,5,44.10187851539,-79.56404106611
L4A,Ontario,ON,5,5,43.98970439372,-79.28245027291
L4B,Ontario,ON,5,5,43.8554216676,-79.40069001578
L4C,Ontario,ON,5,5,43.87059132468,-79.43888146491
L4E,Ontario,ON,5,5,43.93516773225,-79.4555335687
L4G,Ontario,ON,5,5,43.997539606,-79.46656204942
L4H,Ontario,ON,5,5,43.82566781437,-79.59432434658
L4J,Ontario,ON,5,5,43.8101139664,-79.45089625305
L4K,Ontario,ON,5,5,43.80908965261,-79.50679779687
L4L,Ontario,ON,5,5,43.7928974817,-79.57971534082
L4M,Ontario,ON,5,5,44.39956314838,-79.67396983283
L4N,Ontario,ON,5,5,44.36902701623,-79.69489511629
L4P,Ontario,ON,5,5,44.22098064703,-79.46452470573
L4R,Ontario,ON,5,5,44.74730079342,-79.88460030414
L4S,Ontario,ON,5,5,43.92365434169,-79.52502921935
L4T,Ontario,ON,5,5,43.7160884777,-79.64342662404
L4V,Ontario,ON,5,5,43.69815492627,-79.62002657119
L4W,Ontario,ON,5,5,43.63562560582,-79.61820781992
L4X,Ontario,ON,5,5,43.61760550872,-79.58130743614
L4Y,Ontario,ON,5,5,43.60342633997,-79.5938631296
L4Z,Ontario,ON,5,5,43.61401391718,-79.64705543949
L5A,Ontario,ON,5,5,43.58713370597,-79.60736744485
L5B,Ontario,ON,5,5,43.57703029145,-79.63031459189
L5C,Ontario,ON,5,5,43.56352999535,-79.65055105192
L5E,Ontario,ON,5,5,43.58400682706,-79.56423165529
L5G,Ontario,ON,5,5,43.56356935869,-79.58274002942
L5H,Ontario,ON,5,5,43.5408051659,-79.61275545016
L5J,Ontario,ON,5,5,43.51738435646,-79.63245929168
L5K,Ontario,ON,5,5,43.53009947296,-79.66297454267
L5L,Ontario,ON,5,5,43.53702316496,-79.69231369922
L5M,Ontario,ON,5,5,43.56783527026,-79.71688069611
L5N,Ontario,ON,5,5,43.5873203809,-79.7561789159
L5P,Ontario,ON,5,5,43.69038954545,-79.623774
L5R,Ontario,ON,5,5,43.60406132393,-79.66940280017
L5S,Ontario,ON,5,5,43.67998889504,-79.67439541064
L5T,Ontario,ON,5,5,43.65617271478,-79.66880213681
L5V,Ontario,ON,5,5,43.59549154269,-79.69151608417
L5W,Ontario,ON,5,5,43.6324436869,-79.71851513799
L6A,Ontario,ON,5,5,43.86672910301,-79.52739602437
L6B,Ontario,ON,5,5,43.88079130542,-79.24562110072
L6C,Ontario,ON,5,5,43.88886292329,-79.33668027038
L6E,Ontario,ON,5,5,43.89775614588,-79.2680366
L6G,Ontario,ON,5,5,43.8502969038,-79.33116361899
L6H,Ontario,ON,5,5,43.47909433528,-79.702408384
L6J,Ontario,ON,5,5,43.46860999177,-79.6598816404
L6K,Ontario,ON,5,5,43.43833730839,-79.68562382867
L6L,Ontario,ON,5,5,43.40730469487,-79.70997343305
L6M,Ontario,ON,5,5,43.44155738228,-79.7406695686
L6P,Ontario,ON,5,5,43.78329476439,-79.69882997916
L6R,Ontario,ON,5,5,43.77659939326,-79.79976640843
L6S,Ontario,ON,5,5,43.73351005768,-79.73280719875
L6T,Ontario,ON,5,5,43.71669084362,-79.69961110792
L6V,Ontario,ON,5,5,43.70394895773,-79.76094421382
L6W,Ontario,ON,5,5,43.67922999262,-79.73605033846
L6X,Ontario,ON,5,5,43.67969344961,-79.78528286495
L6Y,Ontario,ON,5,5,43.65815132088,-79.75269989421
L6Z,Ontario,ON,5,5,43.72626008313,-79.79313607552
L7A,Ontario,ON,5,5,43.70102059258,-79.82599351525
L7B,Ontario,ON,5,5,43.95041275052,-79.55366696823
L7C,Ontario,ON,5,5,43.79444838498,-79.87403954375
L7E,Ontario,ON,5,5,43.89328178719,-79.75899067951
L7G,Ontario,ON,5,5,43.64813184236,-79.90936230009
L7J,Ontario,ON,5,5,43.63176591579,-80.03296183632
L7K,Ontario,ON,5,5,43.8743209241,-79.9998758019
L7L,Ontario,ON,5,5,43.37466462184,-79.76008091764
L7M,Ontario,ON,5,5,43.37879303673,-79.81394694882
L7N,Ontario,ON,5,5,43.34718391846,-79.77843901886
L7P,Ontario,ON,5,5,43.35176434633,-79.8382231867
L7R,Ontario,ON,5,5,43.33598456378,-79.79946521188
L7S,Ontario,ON,5,5,43.32464445542,-79.8073822245
L7T,Ontario,ON,5,5,43.30997259266,-79.84281684274
L8B,Ontario,ON,5,5,43.34165439574,-79.94012133409
L8E,Ontario,ON,5,5,43.23259883498,-79.72013958053
L8G,Ontario,ON,5,5,43.21860493024,-79.74661758091
L8H,Ontario,ON,5,5,43.24755909239,-79.79489392031
L8J,Ontario,ON,5,5,43.18878665094,-79.7702128853
L8K,Ontario,ON,5,5,43.22728825568,-79.79968587325
L8L,Ontario,ON,5,5,43.2590509599,-79.84451466779
L8M,Ontario,ON,5,5,43.246283245,-79.83650039205
L8N,Ontario,ON,5,5,43.25121607783,-79.86220584704
L8P,Ontario,ON,5,5,43.25354227198,-79.88270615723
L8R,Ontario,ON,5,5,43.26236112802,-79.87466341928
L8S,Ontario,ON,5,5,43.25777362504,-79.91667331851
L8T,Ontario,ON,5,5,43.22072591605,-79.83030079246
L8V,Ontario,ON,5,5,43.22786079599,-79.84868675179
L8W,Ontario,ON,5,5,43.20035197491,-79.84941978959
L9A,Ontario,ON,5,5,43.2304456565,-79.869247765
L9B,Ontario,ON,5,5,43.20590294394,-79.89593742323
L9C,Ontario,ON,5,5,43.23131101559,-79.90303585097
L9E,Ontario,ON,5,5,43.67562918845,-80.08267656073
L9G,Ontario,ON,5,5,43.22002755316,-79.98171664568
L9H,Ontario,ON,5,5,43.27133315805,-79.956684038
L9J,Ontario,ON,5,5,44.34729444844,-79.69215047781
L9K,Ontario,ON,5,5,43.22889342881,-79.93972895537
L9L,Ontario,ON,5,5,44.09348276191,-78.97467736579
L9M,Ontario,ON,5,5,44.77825982582,-79.94808017639
L9N,Ontario,ON,5,5,44.10235730214,-79.49455562028
L9P,Ontario,ON,5,5,44.10373313255,-79.12676596274
L9R,Ontario,ON,5,5,44.1512333947,-79.85262325065
L9S,Ontario,ON,5,5,44.32759501846,-79.57939739756
L9T,Ontario,ON,5,5,43.51597848857,-79.86925657385
L9V,Ontario,ON,5,5,44.2914286743,-81.38988576395
L9W,Ontario,ON,5,5,43.91731768567,-80.10525472291
L9X,Ontario,ON,5,5,44.44395805601,-79.77817126011
L9Y,Ontario,ON,5,5,44.49577289748,-80.23152128989
L9Z,Ontario,ON,5,5,44.49442445914,-80.04677308262
M1B,Ontario,ON,5,5,43.80596985055,-79.20632438978
M1C,Ontario,ON,5,5,43.78735546325,-79.15431877618
M1E,Ontario,ON,5,5,43.7655973099,-79.19033670406
M1G,Ontario,ON,5,5,43.76829850664,-79.21730934687
M1H,Ontario,ON,5,5,43.76665849381,-79.23857907203
M1J,Ontario,ON,5,5,43.74627080022,-79.23606427888
M1K,Ontario,ON,5,5,43.72942736893,-79.26342480065
M1L,Ontario,ON,5,5,43.70857482256,-79.28461765669
M1M,Ontario,ON,5,5,43.72624090311,-79.23159720183
M1N,Ontario,ON,5,5,43.6958921836,-79.26466451152
M1P,Ontario,ON,5,5,43.7598638657,-79.27033604862
M1R,Ontario,ON,5,5,43.74782880148,-79.30451147921
M1S,Ontario,ON,5,5,43.79330520952,-79.26988371463
M1T,Ontario,ON,5,5,43.7814410616,-79.30368146238
M1V,Ontario,ON,5,5,43.81687330735,-79.28217806912
M1W,Ontario,ON,5,5,43.79964777687,-79.32087470747
M1X,Ontario,ON,5,5,43.82686459481,-79.22271741385
M2H,Ontario,ON,5,5,43.80132965833,-79.35929034786
M2J,Ontario,ON,5,5,43.78053679595,-79.34878479865
M2K,Ontario,ON,5,5,43.77752163059,-79.38310937198
M2L,Ontario,ON,5,5,43.75302966705,-79.38007257358
M2M,Ontario,ON,5,5,43.79126479789,-79.41105340487
M2N,Ontario,ON,5,5,43.7683031694,-79.40838275756
M2P,Ontario,ON,5,5,43.74945417463,-79.39871673383
M2R,Ontario,ON,5,5,43.77835964773,-79.44094994034
M3A,Ontario,ON,5,5,43.75332196754,-79.32820021525
M3B,Ontario,ON,5,5,43.74503159499,-79.35852430843
M3C,Ontario,ON,5,5,43.7278133979,-79.3436210021
M3H,Ontario,ON,5,5,43.7516130906,-79.44605649399
M3J,Ontario,ON,5,5,43.76162424796,-79.48911399279
M3K,Ontario,ON,5,5,43.73362813333,-79.4695457968
M3L,Ontario,ON,5,5,43.73521465673,-79.5100287609
M3M,Ontario,ON,5,5,43.72946156089,-79.49403164282
M3N,Ontario,ON,5,5,43.75587159622,-79.51865872355
M4A,Ontario,ON,5,5,43.72762668292,-79.31178233274
M4B,Ontario,ON,5,5,43.70700646651,-79.30673446514
M4C,Ontario,ON,5,5,43.69052697269,-79.31234125201
M4E,Ontario,ON,5,5,43.67817417458,-79.29509299443
M4G,Ontario,ON,5,5,43.70732411836,-79.36886827861
M4H,Ontario,ON,5,5,43.70479258916,-79.34627492289
M4J,Ontario,ON,5,5,43.68582331717,-79.33685048243
M4K,Ontario,ON,5,5,43.68019268318,-79.35134330896
M4L,Ontario,ON,5,5,43.67069922238,-79.31726729928
M4M,Ontario,ON,5,5,43.66226431948,-79.34421401861
M4N,Ontario,ON,5,5,43.72663542163,-79.39440950857
M4P,Ontario,ON,5,5,43.71030104334,-79.39037238793
M4R,Ontario,ON,5,5,43.71815719244,-79.41300840356
M4S,Ontario,ON,5,5,43.7029163894,-79.38770846413
M4T,Ontario,ON,5,5,43.68876170072,-79.3874849587
M4V,Ontario,ON,5,5,43.68593966395,-79.40285905436
M4W,Ontario,ON,5,5,43.67718190287,-79.38092293734
M4X,Ontario,ON,5,5,43.66807429187,-79.36962717062
M4Y,Ontario,ON,5,5,43.67036742909,-79.37888986303
M5A,Ontario,ON,5,5,43.65604788111,-79.36502077116
M5B,Ontario,ON,5,5,43.65906475178,-79.37872823503
M5C,Ontario,ON,5,5,43.65184646848,-79.37466373758
M5E,Ontario,ON,5,5,43.64834226909,-79.37466156727
M5G,Ontario,ON,5,5,43.65648794699,-79.38658178313
M5H,Ontario,ON,5,5,43.64966818919,-79.38455528243
M5J,Ontario,ON,5,5,43.64235377419,-79.37935398157
M5K,Ontario,ON,5,5,43.6478967,-79.40186380588
M5L,Ontario,ON,5,5,43.65895360345,-79.39846513448
M5M,Ontario,ON,5,5,43.73169772819,-79.41785290472
M5N,Ontario,ON,5,5,43.71110271821,-79.41875230924
M5P,Ontario,ON,5,5,43.69635383401,-79.41219287568
M5R,Ontario,ON,5,5,43.67366474492,-79.40215773431
M5S,Ontario,ON,5,5,43.66417660949,-79.39894997344
M5T,Ontario,ON,5,5,43.65343259132,-79.39803099355
M5V,Ontario,ON,5,5,43.64475113264,-79.39626767849
M5W,Ontario,ON,5,5,43.6480015818,-79.37436172456
M5X,Ontario,ON,5,5,43.64854489394,-79.38173551818
M6A,Ontario,ON,5,5,43.72247090889,-79.44471321028
M6B,Ontario,ON,5,5,43.70779049655,-79.44434667983
M6C,Ontario,ON,5,5,43.69147330145,-79.43039399982
M6E,Ontario,ON,5,5,43.6883566938,-79.44908733197
M6G,Ontario,ON,5,5,43.66804255696,-79.42074023038
M6H,Ontario,ON,5,5,43.66507356688,-79.43644393669
M6J,Ontario,ON,5,5,43.64890506685,-79.41609847002
M6K,Ontario,ON,5,5,43.64235247219,-79.42833005092
M6L,Ontario,ON,5,5,43.71343466977,-79.48776687531
M6M,Ontario,ON,5,5,43.69249304351,-79.48051495542
M6N,Ontario,ON,5,5,43.67590846142,-79.47837326156
M6P,Ontario,ON,5,5,43.66111021934,-79.46175605302
M6R,Ontario,ON,5,5,43.6468199048,-79.4490440456
M6S,Ontario,ON,5,5,43.65364438248,-79.4838640755
M7A,Ontario,ON,5,5,43.66504852966,-79.38960493305
M7R,Ontario,ON,5,5,43.63653206667,-79.61637066667
M7Y,Ontario,ON,5,5,43.664916,-79.31339654028
M8V,Ontario,ON,5,5,43.60734134427,-79.49934805767
M8W,Ontario,ON,5,5,43.60069682327,-79.53732082601
M8X,Ontario,ON,5,5,43.65262041602,-79.51020692018
M8Y,Ontario,ON,5,5,43.63397961771,-79.4973595946
M8Z,Ontario,ON,5,5,43.62960664742,-79.51769468629
M9A,Ontario,ON,5,5,43.66552293593,-79.5261427633
M9B,Ontario,ON,5,5,43.65272567062,-79.55216752814
M9C,Ontario,ON,5,5,43.6450404549,-79.57401104309
M9L,Ontario,ON,5,5,43.7580055012,-79.55936318018
M9M,Ontario,ON,5,5,43.734630387,-79.5397224947
M9N,Ontario,ON,5,5,43.70667860527,-79.51639459615
M9P,Ontario,ON,5,5,43.69292833888,-79.53081066954
M9R,Ontario,ON,5,5,43.68824250854,-79.55626585226
M9V,Ontario,ON,5,5,43.74252566047,-79.58449427055
M9W,Ontario,ON,5,5,43.71834780087,-79.5796662
N0A,Ontario,ON,5,5,42.8689020471,-80.04632363387
N0B,Ontario,ON,5,5,43.51540844527,-80.46283817182
N0C,Ontario,ON,5,5,44.26533180733,-80.47250734733
N0E,Ontario,ON,5,6,42.89156731613,-80.41919179677
N0G,Ontario,ON,5,5,44.00012940155,-81.03743819535
N0H,Ontario,ON,5,5,44.58981630922,-81.10535195938
N0J,Ontario,ON,5,5,43.01860750278,-80.68837024167
N0K,Ontario,ON,5,5,43.49963156086,-81.10957462543
N0L,Ontario,ON,5,5,42.80786914314,-81.34110182941
N0M,Ontario,ON,5,5,43.31734094394,-81.51151113788
N0N,Ontario,ON,5,5,42.97984907941,-82.12014618235
N0P,Ontario,ON,5,5,42.40049048244,-82.22871076378
N0R,Ontario,ON,5,5,42.15275948148,-82.79320948148
N1A,Ontario,ON,5,5,42.90520196411,-79.6165616985
N1C,Ontario,ON,5,5,43.49764584906,-80.23447011132
N1E,Ontario,ON,5,5,43.56165616924,-80.24334570772
N1G,Ontario,ON,5,5,43.52046784937,-80.2308974327
N1H,Ontario,ON,5,5,43.54224283721,-80.26670070419
N1K,Ontario,ON,5,5,43.52987163769,-80.29029352663
N1L,Ontario,ON,5,5,43.51630990466,-80.19089038644
N1M,Ontario,ON,5,5,43.70554771136,-80.37716718571
N1P,Ontario,ON,5,5,43.34655303974,-80.29057294231
N1R,Ontario,ON,5,5,43.36490943545,-80.30724101016
N1S,Ontario,ON,5,5,43.35322907094,-80.32857729687
N1T,Ontario,ON,5,5,43.39230212074,-80.2898088037
N2A,Ontario,ON,5,5,43.44023410753,-80.43227463825
N2B,Ontario,ON,5,5,43.46005774705,-80.45146881086
N2C,Ontario,ON,5,5,43.42389913042,-80.45336434819
N2E,Ontario,ON,5,5,43.41181075038,-80.49478255852
N2G,Ontario,ON,5,5,43.44613020087,-80.48998753951
N2H,Ontario,ON,5,5,43.45563729341,-80.48460666733
N2J,Ontario,ON,5,5,43.47100998164,-80.51288961707
N2K,Ontario,ON,5,5,43.49498261284,-80.49806724864
N2L,Ontario,ON,5,5,43.47043029232,-80.53945073667
N2M,Ontario,ON,5,5,43.43790157959,-80.50968303568
N2N,Ontario,ON,5,5,43.42369567801,-80.53873841882
N2P,Ontario,ON,5,5,43.39882889951,-80.42316289337
N2R,Ontario,ON,5,5,43.39589516804,-80.47157402234
N2T,Ontario,ON,5,5,43.45342774155,-80.5643123914
N2V,Ontario,ON,5,5,43.49113010959,-80.56037471562
N2Z,Ontario,ON,5,5,44.17439036133,-81.63208397818
N3A,Ontario,ON,5,5,43.38498533786,-80.6986027967
N3B,Ontario,ON,5,5,43.59446963035,-80.56321236767
N3C,Ontario,ON,5,5,43.42882164247,-80.30712464578
N3E,Ontario,ON,5,5,43.42048725532,-80.35669424255
N3H,Ontario,ON,5,5,43.39557692289,-80.3544639739
N3L,Ontario,ON,5,5,43.19705562407,-80.38241455854
N3P,Ontario,ON,5,5,43.18442698033,-80.23580469071
N3R,Ontario,ON,5,5,43.16784402478,-80.26891793344
N3S,Ontario,ON,5,5,43.13905492369,-80.24420800667
N3T,Ontario,ON,5,5,43.14034804963,-80.2730180319
N3V,Ontario,ON,5,5,43.16986261111,-80.30519607778
N3W,Ontario,ON,5,5,43.06511575163,-79.94009594752
N3Y,Ontario,ON,5,5,42.83812114673,-80.30539270904
N4B,Ontario,ON,5,5,42.84850993028,-80.49217289695
N4G,Ontario,ON,5,5,42.86555901499,-80.73069486121
N4K,Ontario,ON,5,5,44.56979821011,-80.94113612783
N4L,Ontario,ON,5,5,44.60422779273,-80.60091411394
N4N,Ontario,ON,5,5,44.15135192085,-81.02455242583
N4S,Ontario,ON,5,5,43.13201395397,-80.75087988568
N4T,Ontario,ON,5,5,43.14939608553,-80.73518808266
N4V,Ontario,ON,5,5,43.11389497703,-80.74091272297
N4W,Ontario,ON,5,5,43.73294806736,-80.95300390683
N4X,Ontario,ON,5,5,43.27067059259,-81.12641148889
N4Z,Ontario,ON,5,5,43.3654211303,-80.98738997727
N5A,Ontario,ON,5,5,43.36921655015,-80.98015214745
N5C,Ontario,ON,5,5,43.0378489349,-80.88330242265
N5H,Ontario,ON,5,5,42.77298816898,-80.9844439866
N5L,Ontario,ON,5,5,42.67807335526,-81.20621607632
N5P,Ontario,ON,5,5,42.78691726863,-81.18509500109
N5R,Ontario,ON,5,5,42.76866356548,-81.17948250661
N5V,Ontario,ON,5,5,43.01053708852,-81.17732517309
N5W,Ontario,ON,5,5,42.99045170683,-81.19462024136
N5X,Ontario,ON,5,5,43.03491952633,-81.25523208473
N5Y,Ontario,ON,5,5,43.01335807581,-81.22780833256
N5Z,Ontario,ON,5,5,42.97046573802,-81.20838095061
N6A,Ontario,ON,5,5,42.99379388205,-81.25354896232
N6B,Ontario,ON,5,5,42.98409957398,-81.23802321373
N6C,Ontario,ON,5,5,42.96098870453,-81.24329701171
N6E,Ontario,ON,5,5,42.933444962,-81.22555093384
N6G,Ontario,ON,5,5,43.00760652905,-81.29958279327
N6H,Ontario,ON,5,5,42.98088245532,-81.29882582283
N6J,Ontario,ON,5,5,42.95736351124,-81.27324995747
N6K,Ontario,ON,5,5,42.95233728861,-81.32487802453
N6L,Ontario,ON,5,5,42.89718791258,-81.25719291656
N6M,Ontario,ON,5,5,42.96319856525,-81.16183325887
N6N,Ontario,ON,5,5,42.90743302832,-81.19224967611
N6P,Ontario,ON,5,5,42.916477478,-81.301137372
N7A,Ontario,ON,5,5,43.7404835885,-81.70872335773
N7G,Ontario,ON,5,5,42.95670153209,-81.62335883692
N7L,Ontario,ON,5,5,42.41401974892,-82.1997062569
N7M,Ontario,ON,5,5,42.39850908197,-82.17807119616
N7S,Ontario,ON,5,5,42.98648668253,-82.36351917681
N7T,Ontario,ON,5,5,42.97276517221,-82.39067840386
N7V,Ontario,ON,5,5,43.0007037809,-82.3903658588
N7W,Ontario,ON,5,5,42.97326806357,-82.33132529381
N7X,Ontario,ON,5,5,43.02247416531,-82.3142249449
N8A,Ontario,ON,5,5,42.59504712554,-82.38705859785
N8H,Ontario,ON,5,5,42.04598946601,-82.59996759135
N8M,Ontario,ON,5,5,42.17198512067,-82.823487825
N8N,Ontario,ON,5,5,42.31262885926,-82.87870074508
N8P,Ontario,ON,5,5,42.3253099788,-82.90983517327
N8R,Ontario,ON,5,5,42.30621799173,-82.91470060906
N8S,Ontario,ON,5,5,42.33010834063,-82.94844856949
N8T,Ontario,ON,5,5,42.30539634637,-82.95314468611
N8V,Ontario,ON,5,5,42.26432615556,-82.94797846667
N8W,Ontario,ON,5,5,42.29092582352,-82.98749408324
N8X,Ontario,ON,5,5,42.29619464385,-83.01816642556
N8Y,Ontario,ON,5,5,42.31854311954,-82.99344700087
N9A,Ontario,ON,5,5,42.31372960696,-83.03098078341
N9B,Ontario,ON,5,5,42.29922874712,-83.05311623757
N9C,Ontario,ON,5,5,42.29071998061,-83.07038252357
N9E,Ontario,ON,5,5,42.26538927334,-83.02598815058
N9G,Ontario,ON,5,5,42.25000134387,-82.99699374269
N9H,Ontario,ON,5,5,42.23825902234,-83.03125262132
N9J,Ontario,ON,5,5,42.2322479309,-83.08533723937
N9K,Ontario,ON,5,5,42.29627380833,-82.877020185
N9V,Ontario,ON,5,5,42.10625534454,-83.10285382611
N9Y,Ontario,ON,5,5,42.04182010864,-82.71955117492
P0A,Ontario,ON,5,5,45.5616979037,-79.3581536
P0B,Ontario,ON,5,5,45.14673949333,-79.46887798
P0C,Ontario,ON,5,5,45.08059588571,-79.75428342857
P0E,Ontario,ON,5,5,44.84724341,-79.44467491
P0G,Ontario,ON,5,5,45.685216914,-80.229161787
P0H,Ontario,ON,5,5,46.30148337264,-79.60784814019
P0J,Ontario,ON,5,5,47.58340164,-79.903736028
P0K,Ontario,ON,5,5,48.32743817821,-80.24929155107
P0L,Ontario,ON,5,5,50.196109263,-81.996897639
P0M,Ontario,ON,5,5,46.82379602864,-81.70706792939
P0N,Ontario,ON,5,5,48.56104416667,-81.11534208333
P0P,Ontario,ON,5,5,45.91217405905,-82.21034856333
P0R,Ontario,ON,5,5,46.2836639375,-83.3586271875
P0S,Ontario,ON,5,5,47.31057495385,-84.43463875385
P0T,Ontario,ON,5,5,49.56634967735,-88.59581652868
P0V,Ontario,ON,5,5,51.52565253731,-91.86267125955
P0W,Ontario,ON,5,6,48.74143566688,-94.03207280812
P0X,Ontario,ON,5,6,49.66997106824,-94.36990244647
P0Y,Ontario,ON,5,6,49.785726,-95.116774
P1A,Ontario,ON,5,5,46.29127128594,-79.43159913381
P1B,Ontario,ON,5,5,46.3197329808,-79.45899620594
P1C,Ontario,ON,5,5,46.34095527036,-79.43592851919
P1H,Ontario,ON,5,5,45.32818765017,-79.21750077657
P1L,Ontario,ON,5,5,45.04378290396,-79.31479400693
P1P,Ontario,ON,5,5,44.92253934261,-79.37335624148
P2A,Ontario,ON,5,5,45.34859769751,-80.02869755647
P2B,Ontario,ON,5,6,46.36648966178,-79.92600889465
P2N,Ontario,ON,5,5,48.14854575737,-80.03297518367
P3A,Ontario,ON,5,5,46.51959232437,-80.94527223126
P3B,Ontario,ON,5,5,46.49263863746,-80.95408938515
P3C,Ontario,ON,5,5,46.4941368908,-81.00599401191
P3E,Ontario,ON,5,5,46.46699618385,-80.99889759244
P3G,Ontario,ON,5,5,46.41873989604,-80.99111367228
P3L,Ontario,ON,5,5,46.55675761329,-80.87149532168
P3N,Ontario,ON,5,5,46.6083391736,-81.006123764
P3P,Ontario,ON,5,5,46.64830294098,-80.96219458689
P3Y,Ontario,ON,5,5,46.42389213583,-81.13212657917
P4N,Ontario,ON,5,5,48.47803608907,-81.33689665054
P4P,Ontario,ON,5,5,48.46383791429,-81.36981245714
P4R,Ontario,ON,5,5,48.47543179097,-81.37646338968
P5A,Ontario,ON,5,5,46.37783116124,-82.65096322339
P5E,Ontario,ON,5,5,46.25345410227,-81.77324933333
P5N,Ontario,ON,5,5,49.41667139461,-82.41613624951
P6A,Ontario,ON,5,5,46.51348880169,-84.30215311148
P6B,Ontario,ON,5,5,46.52479115832,-84.31460160661
P6C,Ontario,ON,5,5,46.53558074777,-84.36754607883
P7A,Ontario,ON,5,6,48.46005316802,-89.191717993
P7B,Ontario,ON,5,6,48.43063732718,-89.24492821492
P7C,Ontario,ON,5,6,48.39101224037,-89.26341646869
P7E,Ontario,ON,5,6,48.3743043902,-89.27736353501
P7G,Ontario,ON,5,5,48.49305568237,-89.28934687521
P7J,Ontario,ON,5,5,48.32821268346,-89.37112449849
P7K,Ontario,ON,5,6,48.37141769622,-89.38525889825
P7L,Ontario,ON,5,5,48.17920948864,-89.548290575
P8N,Ontario,ON,5,6,49.78079962571,-92.83401906604
P8T,Ontario,ON,5,6,50.09733861282,-91.91325814744
P9A,Ontario,ON,5,6,48.61200729202,-93.39774243766
P9N,Ontario,ON,5,6,49.77251867762,-94.47959928294
R0A,Manitoba,MB,4,6,49.39758521989,-96.70520421264
R0B,Manitoba,MB,4,6,55.09233109014,-97.69165613099
R0C,Manitoba,MB,4,6,51.0014946939,-97.7062358696
R0E,Manitoba,MB,4,6,50.24063996278,-96.28321283583
R0G,Manitoba,MB,4,6,49.44361668691,-97.89145823979
R0H,Manitoba,MB,4,6,50.112442684,-98.45274361378
R0J,Manitoba,MB,4,6,50.54761889453,-100.1639394336
R0K,Manitoba,MB,4,6,49.58667564683,-99.68439255413
R0L,Manitoba,MB,4,6,51.72618560282,-100.4429462939
R0M,Manitoba,MB,4,6,49.77450106984,-100.8989417049
R1A,Manitoba,MB,4,6,50.12543678272,-96.92391291413
R1B,Manitoba,MB,4,6,50.08161566,-96.93379966
R1C,Manitoba,MB,4,6,50.02077733354,-96.96487687208
R1N,Manitoba,MB,4,6,49.97343512949,-98.29252175132
R2C,Manitoba,MB,4,6,49.89911162067,-97.00559464921
R2E,Manitoba,MB,4,6,49.97307647647,-97.02494956294
R2G,Manitoba,MB,4,6,49.94183995171,-97.06805387009
R2H,Manitoba,MB,4,6,49.88197162447,-97.11817926791
R2J,Manitoba,MB,4,6,49.8655277322,-97.07609083899
R2K,Manitoba,MB,4,6,49.920901223,-97.08534949412
R2L,Manitoba,MB,4,6,49.90830439714,-97.1007325039
R2M,Manitoba,MB,4,6,49.84232652032,-97.11184789366
R2N,Manitoba,MB,4,6,49.81142766636,-97.09872701096
R2P,Manitoba,MB,4,6,49.95554827377,-97.16747007258
R2R,Manitoba,MB,4,6,49.93606484455,-97.20604362575
R2V,Manitoba,MB,4,6,49.94572446957,-97.12326981549
R2W,Manitoba,MB,4,6,49.9194781197,-97.13571038062
R2X,Manitoba,MB,4,6,49.9309600777,-97.1666382171
R2Y,Manitoba,MB,4,6,49.89130906971,-97.29911173808
R3A,Manitoba,MB,4,6,49.90252138856,-97.14735554831
R3B,Manitoba,MB,4,6,49.89809363734,-97.1408196527
R3C,Manitoba,MB,4,6,49.89273357421,-97.14154255825
R3E,Manitoba,MB,4,6,49.90784263069,-97.17534381766
R3G,Manitoba,MB,4,6,49.88626080997,-97.17589100449
R3H,Manitoba,MB,4,6,49.90263533207,-97.20778068641
R3J,Manitoba,MB,4,6,49.88158218255,-97.2411367887
R3K,Manitoba,MB,4,6,49.8750479206,-97.2969900067
R3L,Manitoba,MB,4,6,49.86928819796,-97.1368104
R3M,Manitoba,MB,4,6,49.86598649338,-97.16259487191
R3N,Manitoba,MB,4,6,49.86523404526,-97.19510683902
R3P,Manitoba,MB,4,6,49.84766768028,-97.2040535563
R3R,Manitoba,MB,4,6,49.85722865694,-97.28553859018
R3S,Manitoba,MB,4,6,49.8340394,-97.26895614
R3T,Manitoba,MB,4,6,49.81599408391,-97.1543275283
R3V,Manitoba,MB,4,6,49.76936196842,-97.16043025848
R3W,Manitoba,MB,4,6,49.90957781184,-97.04353725132
R3X,Manitoba,MB,4,6,49.83406069118,-97.05920523206
R3Y,Manitoba,MB,4,6,49.81048336299,-97.19764809108
R4A,Manitoba,MB,4,6,50.00576667611,-97.09831801947
R4G,Manitoba,MB,4,6,49.78359396333,-97.30783922667
R4H,Manitoba,MB,4,6,49.87162463152,-97.38058859891
R4J,Manitoba,MB,4,6,49.85136472222,-97.39416172222
R4K,Manitoba,MB,4,6,49.84182495476,-97.6292031981
R4L,Manitoba,MB,4,6,49.96401287273,-97.63742793636
R5A,Manitoba,MB,4,6,49.71833786873,-97.07372243051
R5G,Manitoba,MB,4,6,49.52462472557,-96.68999700544
R5H,Manitoba,MB,4,6,49.66734433243,-96.63920600811
R5J,Manitoba,MB,4,6,50.14499839667,-94.42722089333
R5K,Manitoba,MB,4,6,50.36722001106,-97.66427986959
R5L,Manitoba,MB,4,6,49.87308408406,-96.60124513623
R5M,Manitoba,MB,4,6,49.99239023966,-97.08358108793
R5N,Manitoba,MB,4,6,49.94558311,-96.84049130273
R5P,Manitoba,MB,4,6,49.89981109444,-96.83517446389
R5T,Manitoba,MB,4,6,50.47037076364,-97.04808892576
R6M,Manitoba,MB,4,6,49.19183460913,-98.10414775675
R6W,Manitoba,MB,4,6,49.17926119691,-97.93879019021
R7A,Manitoba,MB,4,6,49.84269032057,-99.94221352557
R7B,Manitoba,MB,4,6,49.83919202212,-99.97583207827
R7C,Manitoba,MB,4,6,49.81029266923,-99.52950180769
R7N,Manitoba,MB,4,6,51.14986778396,-100.0493899468
R8A,Manitoba,MB,4,6,54.7695490493,-101.8572646209
R8N,Manitoba,MB,4,6,55.73727347674,-97.86260012513
R9A,Manitoba,MB,4,6,53.82808970172,-101.2670642603
S0A,Saskatchewan,SK,3,6,51.3565385849,-102.9112312986
S0C,Saskatchewan,SK,3,6,49.39266778329,-103.0700293244
S0E,Saskatchewan,SK,3,6,52.91706411109,-103.6506355764
S0G,Saskatchewan,SK,3,6,50.54997903741,-104.0710374468
S0H,Saskatchewan,SK,3,6,50.09718531325,-106.2265513111
S0J,Saskatchewan,SK,3,6,54.07700142185,-105.9657482
S0K,Saskatchewan,SK,3,6,52.2656247544,-106.255760269
S0L,Saskatchewan,SK,3,6,51.53128045633,-108.5297491469
S0M,Saskatchewan,SK,3,7,53.78984668364,-108.7473031607
S0N,Saskatchewan,SK,3,6,50.061712964,-108.5579386141
S0P,Saskatchewan,SK,3,6,55.216741239,-102.32816345
S2V,Saskatchewan,SK,3,6,50.73119445727,-104.9247644273
S3N,Saskatchewan,SK,3,6,51.21005095599,-102.4661902875
S4A,Saskatchewan,SK,3,6,49.14299640679,-102.9920725757
S4H,Saskatchewan,SK,3,6,49.66345427202,-103.8471669717
S4L,Saskatchewan,SK,3,6,50.4953271422,-104.4361973407
S4M,Saskatchewan,SK,3,6,50.42951925,-104.68718025
S4N,Saskatchewan,SK,3,6,50.45211586318,-104.5681050784
S4P,Saskatchewan,SK,3,6,50.44796527498,-104.6054182824
S4R,Saskatchewan,SK,3,6,50.47938858853,-104.6244758013
S4S,Saskatchewan,SK,3,6,50.41626019818,-104.6209425271
S4T,Saskatchewan,SK,3,6,50.45828682672,-104.6444201392
S4V,Saskatchewan,SK,3,6,50.43165067438,-104.5479203127
S4W,Saskatchewan,SK,3,6,50.43373792,-104.6513109386
S4X,Saskatchewan,SK,3,6,50.49048039349,-104.6710376396
S4Y,Saskatchewan,SK,3,6,50.47703474124,-104.6893037948
S4Z,Saskatchewan,SK,3,6,50.45318948889,-104.5378782778
S6H,Saskatchewan,SK,3,6,50.39403858678,-105.5474649589
S6J,Saskatchewan,SK,3,6,50.4159924873,-105.5405097413
S6K,Saskatchewan,SK,3,6,50.37874003939,-105.5827278242
S6V,Saskatchewan,SK,3,6,53.19590386099,-105.7464669628
S6W,Saskatchewan,SK,3,6,53.18016030312,-105.7526113125
S6X,Saskatchewan,SK,3,6,53.19184916756,-105.703583339
S7B,Saskatchewan,SK,3,6,52.103309,-106.439435
S7C,Saskatchewan,SK,3,6,51.814897,-106.41368725
S7H,Saskatchewan,SK,3,6,52.11427141282,-106.6204164496
S7J,Saskatchewan,SK,3,6,52.09841463383,-106.6260630279
S7K,Saskatchewan,SK,3,6,52.15678379269,-106.6429827488
S7L,Saskatchewan,SK,3,6,52.14139083411,-106.7031976343
S7M,Saskatchewan,SK,3,6,52.11966988064,-106.7043668475
S7N,Saskatchewan,SK,3,6,52.13378947259,-106.6110822449
S7P,Saskatchewan,SK,3,6,52.20095023095,-106.6348506524
S7R,Saskatchewan,SK,3,6,52.18912970684,-106.6990490983
S7S,Saskatchewan,SK,3,6,52.15595179211,-106.5891471202
S7T,Saskatchewan,SK,3,6,52.07182923596,-106.644766232
S7V,Saskatchewan,SK,3,6,52.10876180573,-106.5635225388
S7W,Saskatchewan,SK,3,6,52.1544930902,-106.5631058873
S9A,Saskatchewan,SK,3,6,52.77984352073,-108.294349993
S9H,Saskatchewan,SK,3,6,50.28696545688,-107.7992655111
S9V,Saskatchewan,SK,3,7,53.27495167064,-110.0055286036
S9X,Saskatchewan,SK,3,6,54.12755083217,-108.4342060957
T0A,Alberta,AB,2,7,54.23862913619,-112.1041811779
T0B,Alberta,AB,2,7,53.12051061667,-111.7785307313
T0C,Alberta,AB,2,7,52.62687520403,-113.0768303117
T0E,Alberta,AB,2,7,53.56657066682,-115.3198332045
T0G,Alberta,AB,2,7,54.83006729448,-114.5440220586
T0H,Alberta,AB,2,7,56.13176820683,-118.0778396856
T0J,Alberta,AB,2,7,51.08309429866,-111.9107650848
T0K,Alberta,AB,2,7,49.5340303055,-112.6751424625
T0L,Alberta,AB,2,7,50.43932439735,-113.8358542956
T0M,Alberta,AB,2,7,51.84255634473,-114.0087247014
T0P,Alberta,AB,2,7,56.89699742857,-111.1304455714
T0V,Alberta,AB,2,7,59.868537,-111.63294
T1A,Alberta,AB,2,7,50.03568519613,-110.6818045336
T1B,Alberta,AB,2,7,50.00687539099,-110.6555951379
T1C,Alberta,AB,2,7,50.05942768163,-110.6798609951
T1G,Alberta,AB,2,7,49.78937345815,-112.145125033
T1H,Alberta,AB,2,7,49.71502044961,-112.8168061257
T1J,Alberta,AB,2,7,49.69229988443,-112.8291769705
T1K,Alberta,AB,2,7,49.67587997466,-112.8328332323
T1L,Alberta,AB,2,7,51.17908758209,-115.5697373881
T1M,Alberta,AB,2,7,49.72299121632,-112.6169701882
T1P,Alberta,AB,2,7,51.12860363149,-113.3763638176
T1R,Alberta,AB,2,7,50.57280438901,-111.8922987656
T1S,Alberta,AB,2,7,50.64822375458,-113.878637495
T1V,Alberta,AB,2,7,50.58119409962,-113.8743276858
T1W,Alberta,AB,2,7,51.0847515979,-115.3502718509
T1X,Alberta,AB,2,7,51.01544213986,-113.8354655929
T1Y,Alberta,AB,2,7,51.08112273897,-113.9596680687
T1Z,Alberta,AB,2,7,51.0937384,-113.8358561912
T2A,Alberta,AB,2,7,51.05088592699,-113.9639280299
T2B,Alberta,AB,2,7,51.02515862924,-113.9803962936
T2C,Alberta,AB,2,7,50.98729334917,-113.9954251622
T2E,Alberta,AB,2,7,51.07105916661,-114.039444643
T2G,Alberta,AB,2,7,51.03634552749,-114.0445559506
T2H,Alberta,AB,2,7,50.99190554839,-114.058628796
T2J,Alberta,AB,2,7,50.94208595545,-114.0395325724
T2K,Alberta,AB,2,7,51.10275809973,-114.0728112429
T2L,Alberta,AB,2,7,51.09037626176,-114.1209370482
T2M,Alberta,AB,2,7,51.07070756175,-114.0864689939
T2N,Alberta,AB,2,7,51.05924781187,-114.1109670924
T2P,Alberta,AB,2,7,51.0472924392,-114.0701804316
T2R,Alberta,AB,2,7,51.0414030827,-114.0768083661
T2S,Alberta,AB,2,7,51.0243071727,-114.0722291195
T2T,Alberta,AB,2,7,51.02688042479,-114.1000611362
T2V,Alberta,AB,2,7,50.98101982683,-114.0962329099
T2W,Alberta,AB,2,7,50.94855947032,-114.1065371442
T2X,Alberta,AB,2,7,50.8954444863,-114.0085959352
T2Y,Alberta,AB,2,7,50.91129213959,-114.0947478591
T2Z,Alberta,AB,2,7,50.92286805765,-113.9751188973
T3A,Alberta,AB,2,7,51.11869495228,-114.1462335682
T3B,Alberta,AB,2,7,51.09108587819,-114.1895332538
T3C,Alberta,AB,2,7,51.0443307288,-114.1284802611
T3E,Alberta,AB,2,7,51.02033780607,-114.1358358138
T3G,Alberta,AB,2,7,51.13398129213,-114.1951119126
T3H,Alberta,AB,2,7,51.04388016215,-114.1895399783
T3J,Alberta,AB,2,7,51.1144317689,-113.9541600162
T3K,Alberta,AB,2,7,51.14548715417,-114.0769428065
T3L,Alberta,AB,2,7,51.12151337901,-114.2346282541
T3M,Alberta,AB,2,7,50.88770059215,-113.9647359445
T3N,Alberta,AB,2,7,51.14534426235,-113.9627280401
T3P,Alberta,AB,2,7,51.17863196199,-114.1104245315
T3R,Alberta,AB,2,7,51.16129582073,-114.1819098384
T3S,Alberta,AB,2,7,50.971529055,-113.93189197
T3Z,Alberta,AB,2,7,51.06292233753,-114.297954241
T4A,Alberta,AB,2,7,51.2802212234,-113.9845671883
T4B,Alberta,AB,2,7,51.28783035228,-114.0335629193
T4C,Alberta,AB,2,7,51.19445538909,-114.4597080573
T4E,Alberta,AB,2,7,52.2210040286,-113.8176944589
T4G,Alberta,AB,2,7,52.02625426026,-113.9511670908
T4H,Alberta,AB,2,7,51.79248048673,-114.1135314944
T4J,Alberta,AB,2,7,52.67864119937,-113.5813519656
T4L,Alberta,AB,2,7,52.46851130997,-113.7279032159
T4M,Alberta,AB,2,7,51.82046615122,-113.9320992701
T4N,Alberta,AB,2,7,52.26633663293,-113.8109344496
T4P,Alberta,AB,2,7,52.2921032205,-113.8137301389
T4R,Alberta,AB,2,7,52.24954697441,-113.77487628
T4S,Alberta,AB,2,7,52.29244257745,-114.0498107549
T4T,Alberta,AB,2,7,52.37781731813,-114.923753745
T4V,Alberta,AB,2,7,53.01475627292,-112.8346128774
T4X,Alberta,AB,2,7,53.3255951675,-113.4729717598
T5A,Alberta,AB,2,7,53.59528366656,-113.4167217384
T5B,Alberta,AB,2,7,53.57052393131,-113.4644631099
T5C,Alberta,AB,2,7,53.59862395089,-113.4556695665
T5E,Alberta,AB,2,7,53.59617676365,-113.4932833543
T5G,Alberta,AB,2,7,53.56818759982,-113.4974921875
T5H,Alberta,AB,2,7,53.55179502045,-113.4920219742
T5J,Alberta,AB,2,7,53.5422845915,-113.496513951
T5K,Alberta,AB,2,7,53.5370066181,-113.5115979895
T5L,Alberta,AB,2,7,53.58413249786,-113.54767921
T5M,Alberta,AB,2,7,53.56032459681,-113.5553900743
T5N,Alberta,AB,2,7,53.54429449132,-113.5572272027
T5P,Alberta,AB,2,7,53.54403261967,-113.5929838692
T5R,Alberta,AB,2,7,53.519543271,-113.5827225132
T5S,Alberta,AB,2,7,53.55537443981,-113.6438980853
T5T,Alberta,AB,2,7,53.51566197781,-113.6414100269
T5V,Alberta,AB,2,7,53.57855132053,-113.5993008106
T5W,Alberta,AB,2,7,53.5700907153,-113.4144413083
T5X,Alberta,AB,2,7,53.61812686964,-113.5157255372
T5Y,Alberta,AB,2,7,53.61797555699,-113.3966471784
T5Z,Alberta,AB,2,7,53.62325696706,-113.4790630882
T6A,Alberta,AB,2,7,53.54689761071,-113.4317425007
T6B,Alberta,AB,2,7,53.51973250413,-113.4251200584
T6C,Alberta,AB,2,7,53.52245216376,-113.4590563194
T6E,Alberta,AB,2,7,53.50614948575,-113.4837697123
T6G,Alberta,AB,2,7,53.51682578871,-113.5242410133
T6H,Alberta,AB,2,7,53.49326307757,-113.53169854
T6J,Alberta,AB,2,7,53.46343634654,-113.5175147135
T6K,Alberta,AB,2,7,53.46222806423,-113.45162279
T6L,Alberta,AB,2,7,53.45830901784,-113.4136465011
T6M,Alberta,AB,2,7,53.48368681791,-113.6424224159
T6N,Alberta,AB,2,7,53.45666288396,-113.4806539802
T6P,Alberta,AB,2,7,53.50591225829,-113.374167854
T6R,Alberta,AB,2,7,53.46332145225,-113.577577022
T6S,Alberta,AB,2,7,53.56635663074,-113.3408618463
T6T,Alberta,AB,2,7,53.46623208025,-113.3814006172
T6V,Alberta,AB,2,7,53.60986772231,-113.5521854346
T6W,Alberta,AB,2,7,53.42293295314,-113.5512707766
T6X,Alberta,AB,2,7,53.42696850774,-113.4585720447
T6Y,Alberta,AB,2,7,53.51743380805,-113.5587729345
T7A,Alberta,AB,2,7,53.22569155086,-114.97437986
T7E,Alberta,AB,2,7,53.587609145,-116.4299102079
T7N,Alberta,AB,2,7,54.10885024976,-114.3941518053
T7P,Alberta,AB,2,7,54.15267643344,-113.8569815606
T7S,Alberta,AB,2,7,54.13699519458,-115.6694409808
T7V,Alberta,AB,2,7,53.40414541139,-117.5685649527
T7X,Alberta,AB,2,7,53.55118747842,-113.8838553341
T7Y,Alberta,AB,2,7,53.47208579813,-113.9261365972
T7Z,Alberta,AB,2,7,53.52570372689,-114.0122047362
T8A,Alberta,AB,2,7,53.52685849019,-113.2927848278
T8B,Alberta,AB,2,7,53.48000095089,-113.2933712777
T8C,Alberta,AB,2,7,53.47000967627,-113.2023398169
T8E,Alberta,AB,2,7,53.53168016405,-113.1166623882
T8G,Alberta,AB,2,7,53.52394615955,-113.0532018798
T8H,Alberta,AB,2,7,53.55345200584,-113.2810067807
T8L,Alberta,AB,2,7,53.70386609553,-113.2023748405
T8N,Alberta,AB,2,7,53.6399749291,-113.620117408
T8R,Alberta,AB,2,7,53.78884777349,-113.6355970013
T8S,Alberta,AB,2,7,56.23536435959,-117.2939885642
T8T,Alberta,AB,2,7,53.74667439831,-113.565822991
T8V,Alberta,AB,2,7,55.17151488961,-118.7949040654
T8W,Alberta,AB,2,7,55.14563844167,-118.8052955503
T8X,Alberta,AB,2,7,55.18187874185,-118.768945218
T9A,Alberta,AB,2,7,52.9693634489,-113.3740738411
T9C,Alberta,AB,2,7,53.49308786706,-112.0461849576
T9E,Alberta,AB,2,7,53.2744907473,-113.5459531955
T9G,Alberta,AB,2,7,53.35694275392,-113.7249190417
T9H,Alberta,AB,2,7,56.70075013929,-111.3835563635
T9J,Alberta,AB,2,7,56.70791591325,-111.3708686843
T9K,Alberta,AB,2,7,56.74273383402,-111.4631291665
T9M,Alberta,AB,2,7,54.43769701708,-110.1966460192
T9N,Alberta,AB,2,7,54.26537897156,-110.7355103749
T9S,Alberta,AB,2,7,54.71861304663,-113.3093736899
T9V,Alberta,AB,2,7,53.27500193415,-110.0181162
T9W,Alberta,AB,2,7,52.83564960118,-110.8500738994
T9X,Alberta,AB,2,7,53.35360589296,-110.8430655892
V0A,British Columbia,BC,1,7,50.90391132875,-116.4506350656
V0B,British Columbia,BC,1,7,49.54214500441,-115.9554157022
V0C,British Columbia,BC,1,7,56.61359126279,-121.8874351885
V0E,British Columbia,BC,1,8,50.87386878742,-119.3556645383
V0G,British Columbia,BC,1,8,49.66131775472,-117.4983774755
V0H,British Columbia,BC,1,8,49.32407392198,-119.2832040047
V0J,British Columbia,BC,1,8,54.7363777935,-125.619887846
V0K,British Columbia,BC,1,8,51.31619272103,-121.4417407735
V0L,British Columbia,BC,1,8,52.16024865222,-123.2657901296
V0M,British Columbia,BC,1,8,49.2953381225,-121.9861525313
V0N,British Columbia,BC,1,8,49.7916620622,-124.1058667667
V0P,British Columbia,BC,1,8,50.18690368192,-125.8271006
V0R,British Columbia,BC,1,8,49.01855172484,-124.1876822095
V0S,British Columbia,BC,1,8,48.5395695,-124.1760545
V0T,British Columbia,BC,1,8,53.22312417037,-129.8517355481
V0V,British Columbia,BC,1,8,54.173961,-130.042986875
V0W,British Columbia,BC,1,8,59.58973933333,-133.9436443333
V0X,British Columbia,BC,1,8,49.44613767417,-120.7226682139
V1A,British Columbia,BC,1,7,49.67768972841,-115.9782337588
V1B,British Columbia,BC,1,8,50.2506010377,-119.2327428524
V1C,British Columbia,BC,1,7,49.50934933301,-115.7646675609
V1E,British Columbia,BC,1,8,50.69459162449,-119.2725897932
V1G,British Columbia,BC,1,7,55.7586199414,-120.2393577542
V1H,British Columbia,BC,1,8,50.24113051429,-119.3633592772
V1J,British Columbia,BC,1,7,56.24528445637,-120.8345609806
V1K,British Columbia,BC,1,8,50.11846628065,-120.7946890992
V1L,British Columbia,BC,1,8,49.4989389684,-117.2779546658
V1M,British Columbia,BC,1,8,49.16744445574,-122.6235746068
V1N,British Columbia,BC,1,8,49.30937406798,-117.6503716574
V1P,British Columbia,BC,1,8,49.88037063529,-119.3195524265
V1R,British Columbia,BC,1,8,49.09786106503,-117.7072730683
V1S,British Columbia,BC,1,8,50.64647691667,-120.379459309
V1T,British Columbia,BC,1,8,50.26498934501,-119.2698237288
V1V,British Columbia,BC,1,8,49.92625958946,-119.4359468326
V1W,British Columbia,BC,1,8,49.83373846106,-119.4719786122
V1X,British Columbia,BC,1,8,49.89427612595,-119.3927933961
V1Y,British Columbia,BC,1,8,49.88405833142,-119.4790853213
V1Z,British Columbia,BC,1,8,49.87759356947,-119.5522846101
V2A,British Columbia,BC,1,8,49.48550363033,-119.5834583709
V2B,British Columbia,BC,1,8,50.71580779033,-120.3702767694
V2C,British Columbia,BC,1,8,50.6698982855,-120.2851112548
V2E,British Columbia,BC,1,8,50.65540289257,-120.3287024433
V2G,British Columbia,BC,1,8,52.13124701071,-122.136822327
V2H,British Columbia,BC,1,8,50.73165857887,-120.2930529366
V2J,British Columbia,BC,1,8,52.9752974402,-122.4881893774
V2K,British Columbia,BC,1,8,53.98021767079,-122.7900835279
V2L,British Columbia,BC,1,8,53.90731622384,-122.7493123691
V2M,British Columbia,BC,1,8,53.92092195541,-122.7928134155
V2N,British Columbia,BC,1,8,53.86990372653,-122.7689191283
V2P,British Columbia,BC,1,8,49.17239966538,-121.9477434412
V2R,British Columbia,BC,1,8,49.1105035752,-121.9768752262
V2S,British Columbia,BC,1,8,49.04722865912,-122.284453614
V2T,British Columbia,BC,1,8,49.04949503365,-122.340024067
V2V,British Columbia,BC,1,8,49.14540973015,-122.3083288577
V2W,British Columbia,BC,1,8,49.19932604654,-122.5211558404
V2X,British Columbia,BC,1,8,49.2193299097,-122.6193811747
V2Y,British Columbia,BC,1,8,49.12914345523,-122.6464425574
V2Z,British Columbia,BC,1,8,49.05876233127,-122.6004652906
V3A,British Columbia,BC,1,8,49.08816179495,-122.6560339595
V3B,British Columbia,BC,1,8,49.27685238322,-122.7661463851
V3C,British Columbia,BC,1,8,49.25439527324,-122.7861795111
V3E,British Columbia,BC,1,8,49.30017339878,-122.7876077245
V3G,British Columbia,BC,1,8,49.06155311572,-122.2090978281
V3H,British Columbia,BC,1,8,49.28564146199,-122.8537509782
V3J,British Columbia,BC,1,8,49.25981376179,-122.8657109574
V3K,British Columbia,BC,1,8,49.24113029693,-122.8551386733
V3L,British Columbia,BC,1,8,49.21911353204,-122.9052514898
V3M,British Columbia,BC,1,8,49.19989640115,-122.9338684584
V3N,British Columbia,BC,1,8,49.22286837754,-122.9331155537
V3R,British Columbia,BC,1,8,49.1899414351,-122.8161225465
V3S,British Columbia,BC,1,8,49.11600278962,-122.7676810241
V3T,British Columbia,BC,1,8,49.190031467,-122.8500158128
V3V,British Columbia,BC,1,8,49.17936301589,-122.8716700812
V3W,British Columbia,BC,1,8,49.13740032852,-122.8566232359
V3X,British Columbia,BC,1,8,49.10986544312,-122.8577744862
V3Y,British Columbia,BC,1,8,49.22217696819,-122.6874179275
V3Z,British Columbia,BC,1,8,49.19896042817,-122.6500743729
V4A,British Columbia,BC,1,8,49.03658194445,-122.8326394803
V4B,British Columbia,BC,1,8,49.02520916984,-122.8024502054
V4C,British Columbia,BC,1,8,49.15478828736,-122.9086116531
V4E,British Columbia,BC,1,8,49.12385573537,-122.9040409567
V4G,British Columbia,BC,1,8,49.13797752727,-123.0048466
V4K,British Columbia,BC,1,8,49.09127284455,-123.07160546
V4L,British Columbia,BC,1,8,49.02156694744,-123.0588422594
V4M,British Columbia,BC,1,8,49.01843760697,-123.0818035297
V4N,British Columbia,BC,1,8,49.16992280043,-122.7528395815
V4P,British Columbia,BC,1,8,49.05640931301,-122.8259777847
V4R,British Columbia,BC,1,8,49.22920365256,-122.5658677913
V4S,British Columbia,BC,1,8,49.18067718073,-122.3657511385
V4T,British Columbia,BC,1,8,49.84516127992,-119.625121346
V4V,British Columbia,BC,1,8,50.05436426718,-119.4062797681
V4W,British Columbia,BC,1,8,49.06710320863,-122.4959748208
V4X,British Columbia,BC,1,8,49.07266406824,-122.4068633166
V4Z,British Columbia,BC,1,8,49.12212907576,-121.8432342646
V5A,British Columbia,BC,1,8,49.26460430644,-122.9414030419
V5B,British Columbia,BC,1,8,49.27416012217,-122.9774557391
V5C,British Columbia,BC,1,8,49.27658625657,-123.007943282
V5E,British Columbia,BC,1,8,49.22656167607,-122.9573792784
V5G,British Columbia,BC,1,8,49.24735400295,-123.0008961505
V5H,British Columbia,BC,1,8,49.23027965348,-122.9984921641
V5J,British Columbia,BC,1,8,49.21342687787,-122.9956402488
V5K,British Columbia,BC,1,8,49.27934345039,-123.0410917163
V5L,British Columbia,BC,1,8,49.27803949057,-123.0654612038
V5M,British Columbia,BC,1,8,49.2597806404,-123.0421847731
V5N,British Columbia,BC,1,8,49.25584116589,-123.0666769874
V5P,British Columbia,BC,1,8,49.22385570276,-123.0678937714
V5R,British Columbia,BC,1,8,49.23997456639,-123.0403127178
V5S,British Columbia,BC,1,8,49.21975932975,-123.0416153091
V5T,British Columbia,BC,1,8,49.26168958394,-123.0932386148
V5V,British Columbia,BC,1,8,49.2489346958,-123.0907356747
V5W,British Columbia,BC,1,8,49.23257921196,-123.0918023042
V5X,British Columbia,BC,1,8,49.21698475533,-123.0950578274
V5Y,British Columbia,BC,1,8,49.25139290174,-123.1100969071
V5Z,British Columbia,BC,1,8,49.25170131066,-123.1192878103
V6A,British Columbia,BC,1,8,49.2788503697,-123.0911926786
V6B,British Columbia,BC,1,8,49.27946316288,-123.1124157142
V6C,British Columbia,BC,1,8,49.28551548191,-123.1165400771
V6E,British Columbia,BC,1,8,49.2838608659,-123.1275996733
V6G,British Columbia,BC,1,8,49.28884181903,-123.1356315997
V6H,British Columbia,BC,1,8,49.25674191654,-123.1308504018
V6J,British Columbia,BC,1,8,49.25864232908,-123.1400640824
V6K,British Columbia,BC,1,8,49.26507159263,-123.1620840728
V6L,British Columbia,BC,1,8,49.25026233553,-123.1624905254
V6M,British Columbia,BC,1,8,49.23450804234,-123.1460807331
V6N,British Columbia,BC,1,8,49.23407426807,-123.1792349903
V6P,British Columbia,BC,1,8,49.21632429764,-123.1342691891
V6R,British Columbia,BC,1,8,49.26521887008,-123.1951999017
V6S,British Columbia,BC,1,8,49.25031788458,-123.1877073081
V6T,British Columbia,BC,1,8,49.26785767625,-123.2393588417
V6V,British Columbia,BC,1,8,49.18486153287,-123.0518586245
V6W,British Columbia,BC,1,8,49.15227984545,-123.0500655747
V6X,British Columbia,BC,1,8,49.18317307394,-123.1190650863
V6Y,British Columbia,BC,1,8,49.15861061127,-123.1294857591
V6Z,British Columbia,BC,1,8,49.27705955,-123.125305951
V7A,British Columbia,BC,1,8,49.13901941484,-123.1181492059
V7B,British Columbia,BC,1,8,49.19115314175,-123.1588486495
V7C,British Columbia,BC,1,8,49.15978777329,-123.169303985
V7E,British Columbia,BC,1,8,49.13508565402,-123.1736615023
V7G,British Columbia,BC,1,8,49.31791593844,-122.9563662743
V7H,British Columbia,BC,1,8,49.31805971667,-122.9971835605
V7J,British Columbia,BC,1,8,49.32478150279,-123.033924005
V7K,British Columbia,BC,1,8,49.34391178849,-123.0387647642
V7L,British Columbia,BC,1,8,49.31754945604,-123.0613680157
V7M,British Columbia,BC,1,8,49.32127038308,-123.0799707093
V7N,British Columbia,BC,1,8,49.3404018546,-123.0738259994
V7P,British Columbia,BC,1,8,49.32333700849,-123.1096642495
V7R,British Columbia,BC,1,8,49.34832397683,-123.0994658427
V7S,British Columbia,BC,1,8,49.35054241124,-123.1552451951
V7T,British Columbia,BC,1,8,49.32849258242,-123.1449838164
V7V,British Columbia,BC,1,8,49.33776695655,-123.1838811397
V7W,British Columbia,BC,1,8,49.35690609471,-123.2636465358
V7X,British Columbia,BC,1,8,49.25953943333,-123.1121000822
V7Y,British Columbia,BC,1,8,49.28184011379,-123.1239221724
V7Z,British Columbia,BC,1,8,49.47244114868,-123.7896274095
V8A,British Columbia,BC,1,8,49.84496044187,-124.5214864445
V8B,British Columbia,BC,1,8,49.7137936602,-123.1413636876
V8C,British Columbia,BC,1,8,54.05764938332,-128.6480355721
V8E,British Columbia,BC,1,8,49.39401566655,-123.2289321313
V8G,British Columbia,BC,1,8,54.51574588057,-128.5828135206
V8J,British Columbia,BC,1,8,54.3131768033,-130.3149491068
V8K,British Columbia,BC,1,8,48.84941222615,-123.5026734353
V8L,British Columbia,BC,1,8,48.64705549169,-123.4150151752
V8M,British Columbia,BC,1,8,48.58213972765,-123.428584575
V8N,British Columbia,BC,1,8,48.47607556034,-123.3161432934
V8P,British Columbia,BC,1,8,48.45830583037,-123.3354675206
V8R,British Columbia,BC,1,8,48.43619564201,-123.3231511239
V8S,British Columbia,BC,1,8,48.41813508566,-123.3260026857
V8T,British Columbia,BC,1,8,48.43815670078,-123.3563137218
V8V,British Columbia,BC,1,8,48.41757132365,-123.3635374412
V8W,British Columbia,BC,1,8,48.43659305323,-123.3645769982
V8X,British Columbia,BC,1,8,48.47054745046,-123.3677587149
V8Y,British Columbia,BC,1,8,48.51595143259,-123.3726495481
V8Z,British Columbia,BC,1,8,48.47988420905,-123.3976502088
V9A,British Columbia,BC,1,8,48.43782640524,-123.4007201993
V9B,British Columbia,BC,1,8,48.45243004015,-123.4889670046
V9C,British Columbia,BC,1,8,48.42253278559,-123.4892673703
V9E,British Columbia,BC,1,8,48.51636145513,-123.4338059385
V9G,British Columbia,BC,1,8,49.001164963,-123.81709047
V9H,British Columbia,BC,1,8,49.95087059667,-125.2152860061
V9J,British Columbia,BC,1,8,49.79221007733,-125.0761659302
V9K,British Columbia,BC,1,8,49.34746993508,-124.4708012049
V9L,British Columbia,BC,1,8,48.78487826762,-123.7012795828
V9M,British Columbia,BC,1,8,49.6833970671,-124.924331234
V9N,British Columbia,BC,1,8,49.68722478326,-124.9899534915
V9P,British Columbia,BC,1,8,49.31482586555,-124.3010158435
V9R,British Columbia,BC,1,8,49.15788621764,-123.9497803035
V9S,British Columbia,BC,1,8,49.18619058711,-123.9655227204
V9T,British Columbia,BC,1,8,49.21375118023,-124.0038060889
V9V,British Columbia,BC,1,8,49.23945611159,-124.0252380085
V9W,British Columbia,BC,1,8,50.00506283918,-125.246266114
V9X,British Columbia,BC,1,8,49.10015095587,-123.8829915318
V9Y,British Columbia,BC,1,8,49.25055479571,-124.8091465573
V9Z,British Columbia,BC,1,8,48.38394185214,-123.7011759343
X0A,Nunavut,NU,13,5,68.45890055036,-76.67854310464
X0B,Nunavut,NU,13,7,68.63547869909,-100.6062519018
X0C,Nunavut,NU,13,6,63.50416179,-90.72179236
X0E,Northwest Territories,NT,12,7,63.71299400018,-120.9790277263
X0G,Northwest Territories,NT,12,7,60.24513,-123.442299
X1A,Northwest Territories,NT,12,7,62.44974871569,-114.3849924892
Y0A,Yukon,YT,11,8,60.15596655,-131.006851275
Y0B,Yukon,YT,11,8,62.11726904194,-136.431409671
Y1A,Yukon,YT,11,8,60.72886166233,-135.0799716638
